-- phpMyAdmin SQL Dump
-- version 4.0.10.18
-- https://www.phpmyadmin.net
--
-- Servidor: localhost:3306
-- Tiempo de generación: 05-02-2018 a las 06:04:20
-- Versión del servidor: 5.6.36-cll-lve
-- Versión de PHP: 5.6.30

SET SQL_MODE = "NO_AUTO_VALUE_ON_ZERO";
SET time_zone = "+00:00";


/*!40101 SET @OLD_CHARACTER_SET_CLIENT=@@CHARACTER_SET_CLIENT */;
/*!40101 SET @OLD_CHARACTER_SET_RESULTS=@@CHARACTER_SET_RESULTS */;
/*!40101 SET @OLD_COLLATION_CONNECTION=@@COLLATION_CONNECTION */;
/*!40101 SET NAMES utf8 */;

--
-- Base de datos: `trading`
--

-- --------------------------------------------------------

--
-- Estructura de tabla para la tabla `calendarios`
--

CREATE TABLE IF NOT EXISTS `calendarios` (
  `id_calendario` int(11) NOT NULL AUTO_INCREMENT,
  `imagen` varchar(100) NOT NULL,
  PRIMARY KEY (`id_calendario`)
) ENGINE=InnoDB  DEFAULT CHARSET=latin1 AUTO_INCREMENT=2 ;

--
-- Volcado de datos para la tabla `calendarios`
--

INSERT INTO `calendarios` (`id_calendario`, `imagen`) VALUES
(1, 'b6b32f1157dd31363b14d13703781294.jpeg');

-- --------------------------------------------------------

--
-- Estructura de tabla para la tabla `circulo`
--

CREATE TABLE IF NOT EXISTS `circulo` (
  `id_circulo` int(11) NOT NULL AUTO_INCREMENT,
  `id_usuario` int(11) NOT NULL,
  PRIMARY KEY (`id_circulo`),
  KEY `id_user` (`id_usuario`)
) ENGINE=InnoDB  DEFAULT CHARSET=latin1 AUTO_INCREMENT=9 ;

--
-- Volcado de datos para la tabla `circulo`
--

INSERT INTO `circulo` (`id_circulo`, `id_usuario`) VALUES
(1, 1),
(3, 26),
(2, 84),
(4, 225),
(8, 227),
(5, 282),
(7, 306),
(6, 356);

-- --------------------------------------------------------

--
-- Estructura de tabla para la tabla `circulo_relaciones`
--

CREATE TABLE IF NOT EXISTS `circulo_relaciones` (
  `id_relacion` int(11) NOT NULL AUTO_INCREMENT,
  `circulo_desde` int(11) NOT NULL,
  `circulo_hasta` int(11) NOT NULL,
  PRIMARY KEY (`id_relacion`),
  KEY `from` (`circulo_desde`),
  KEY `to` (`circulo_hasta`)
) ENGINE=InnoDB  DEFAULT CHARSET=latin1 AUTO_INCREMENT=6 ;

--
-- Volcado de datos para la tabla `circulo_relaciones`
--

INSERT INTO `circulo_relaciones` (`id_relacion`, `circulo_desde`, `circulo_hasta`) VALUES
(1, 2, 1),
(2, 3, 1),
(3, 4, 1),
(4, 5, 3),
(5, 8, 2);

-- --------------------------------------------------------

--
-- Estructura de tabla para la tabla `coinbase_address`
--

CREATE TABLE IF NOT EXISTS `coinbase_address` (
  `id_bc_address` int(11) NOT NULL AUTO_INCREMENT,
  `id_invoice` int(11) NOT NULL,
  `address` varchar(50) NOT NULL,
  `coinbase_address_datetime` datetime NOT NULL DEFAULT CURRENT_TIMESTAMP,
  PRIMARY KEY (`id_bc_address`),
  KEY `id_invoice` (`id_invoice`)
) ENGINE=InnoDB  DEFAULT CHARSET=latin1 AUTO_INCREMENT=25 ;

--
-- Volcado de datos para la tabla `coinbase_address`
--

INSERT INTO `coinbase_address` (`id_bc_address`, `id_invoice`, `address`, `coinbase_address_datetime`) VALUES
(1, 1, '1EnXWhrMsqCGApDJdC6ofwqNfaeEpamfE8', '2017-12-22 04:55:00'),
(2, 2, '17DU6JhLuG1f4tx644n3AVL3cobAYyv5WX', '2017-12-23 01:03:16'),
(3, 3, '1BBNHm1JuXFZV6h4a8c3JZ9Lr2h7j9Ff9b', '2017-12-23 02:15:39'),
(4, 4, '1JBGQUTPzUrM3pNPeQUqLJucTHSaRmSuP', '2017-12-23 04:12:39'),
(5, 5, '15bDBzWy5KyZLVhybJVmPxcDyD2AcMyJms', '2017-12-23 06:31:43'),
(6, 6, '1Gz8buqySLEi4CQNGTskipvqCA6VGdVbBR', '2017-12-23 17:48:00'),
(7, 7, '1NCA1kZ743comTiswgF7gsq4a2xg5Tcy5q', '2017-12-28 00:34:52'),
(8, 8, '143Ypq9zfpQ4Q31EJ1vgq1kPFxffWfSLAr', '2017-12-28 04:08:35'),
(9, 9, '14x5rbWiR58ur7x9e8m8Pu9M4S72EKNysi', '2017-12-28 04:09:02'),
(10, 10, '1xXnWEyE2jPpyTYRKzxz33KHKsM7forjQ', '2017-12-28 04:15:54'),
(11, 11, '134YMZ27v4BvJX5WW4MWLP6ojAZ8tzyCs9', '2017-12-28 04:16:22'),
(12, 12, '1AThRsutVz9TKpWCt351zUx3FyzKTNbe5C', '2017-12-31 11:34:09'),
(13, 13, '17VdVLTknMzCm7P62QgdfbW7veYqcwwAXV', '2018-01-08 00:04:47'),
(14, 14, '1JNkMFZG6sX8YG9ebuTBEajbmZK3wf5m2', '2018-01-09 02:30:52'),
(15, 15, '13gCNi83HjRjmYZNxRYhfdHFziDgn8gFg7', '2018-01-09 03:06:51'),
(16, 16, '13F9Bo68HUwx1Cz7nicZ5VVJgzXmrSKKRN', '2018-01-10 21:47:24'),
(17, 17, '12yZYfdXubVBnkoFaMfTdGU7qcaSon6Y7n', '2018-01-11 18:13:03'),
(18, 18, '1NyK7EGMiwhhJhiQRdtR5epyKydXqbtdJz', '2018-01-18 19:10:34'),
(19, 19, '1F2yqpbDbdYFSZbpUxViAsxJftLi5rG6PX', '2018-01-21 20:53:17'),
(20, 20, '17BCgCxGa2NaAMyKq3U7i6GXBVWsMYvtSN', '2018-01-21 21:23:32'),
(21, 21, '17BCgCxGa2NaAMyKq3U7i6GXBVWsMYvtSN', '2018-01-23 19:50:05'),
(22, 22, '1FfLvt2incVU2PG11f2z7JCngRUXg9cdGk', '2018-01-24 18:44:56'),
(23, 23, '1DcjepTQgYfqq8NpkGgF1Qcwbj8KFHpMaz', '2018-01-25 14:59:00'),
(24, 24, 'LXMJRVv6duA6Ae2RUS9gNHNGZeJ6v3d93b', '2018-02-05 12:48:20');

-- --------------------------------------------------------

--
-- Estructura de tabla para la tabla `coinbase_invoice`
--

CREATE TABLE IF NOT EXISTS `coinbase_invoice` (
  `id_invoice` int(11) NOT NULL AUTO_INCREMENT,
  `id_user` int(11) NOT NULL,
  `total_to_pay` float NOT NULL DEFAULT '0',
  `moneda` varchar(150) DEFAULT NULL,
  `usd` int(11) NOT NULL,
  `coinbase_invoice_datetime` datetime NOT NULL DEFAULT CURRENT_TIMESTAMP,
  `status` int(11) NOT NULL DEFAULT '0',
  `tipo` int(11) NOT NULL,
  `id_factura` int(11) DEFAULT NULL,
  PRIMARY KEY (`id_invoice`),
  KEY `id_user` (`id_user`)
) ENGINE=InnoDB  DEFAULT CHARSET=latin1 AUTO_INCREMENT=25 ;

--
-- Volcado de datos para la tabla `coinbase_invoice`
--

INSERT INTO `coinbase_invoice` (`id_invoice`, `id_user`, `total_to_pay`, `moneda`, `usd`, `coinbase_invoice_datetime`, `status`, `tipo`, `id_factura`) VALUES
(1, 84, 0.017408, NULL, 0, '2017-12-21 21:55:00', 0, 3, 276),
(2, 282, 0.017664, NULL, 0, '2017-12-22 18:03:16', 1, 3, 413),
(3, 283, 0.0182, NULL, 0, '2017-12-22 19:15:39', 0, 3, 415),
(4, 26, 0.002992, NULL, 0, '2017-12-22 21:12:39', 0, 1, 412),
(5, 287, 0.003124, NULL, 0, '2017-12-22 23:31:43', 0, 1, 424),
(6, 284, 0.0169, NULL, 0, '2017-12-23 10:48:00', 1, 3, 416),
(7, 1, 0.002904, NULL, 0, '2017-12-27 17:34:52', 0, 1, 60),
(8, 231, 0.0182, NULL, 0, '2017-12-27 21:08:35', 0, 3, 343),
(9, 231, 0.00308, NULL, 0, '2017-12-27 21:09:02', 0, 1, 343),
(10, 297, 0.01794, NULL, 0, '2017-12-27 21:15:54', 0, 3, 441),
(11, 297, 0.003036, NULL, 0, '2017-12-27 21:16:22', 0, 1, 441),
(12, 26, 0.003344, NULL, 0, '2017-12-31 04:34:09', 0, 1, 421),
(13, 322, 0.002728, NULL, 0, '2018-01-07 17:04:41', 0, 1, 470),
(14, 326, 0.002904, NULL, 0, '2018-01-08 19:30:51', 0, 1, 474),
(15, 181, 0.002904, NULL, 0, '2018-01-08 20:06:51', 0, 1, 287),
(16, 333, 0.01794, NULL, 0, '2018-01-10 14:47:24', 1, 3, 483),
(17, 334, 0.01898, NULL, 0, '2018-01-11 11:13:03', 1, 3, 484),
(18, 35, 0.02184, NULL, 0, '2018-01-18 12:10:33', 0, 3, 118),
(19, 99, 0.003916, NULL, 0, '2018-01-21 13:53:17', 0, 1, 405),
(20, 349, 0.003916, NULL, 0, '2018-01-21 14:23:32', 0, 1, 502),
(21, 356, 0.0276, NULL, 0, '2018-01-23 12:50:05', 0, 4, 511),
(22, 306, 0.00396, NULL, 0, '2018-01-24 11:44:56', 1, 1, 453),
(23, 68, 0.00396, NULL, 0, '2018-01-25 07:59:00', 0, 1, 152),
(24, 1, 11.0869, 'LTC', 1500, '2018-02-05 05:48:19', 0, 5, NULL);

-- --------------------------------------------------------

--
-- Estructura de tabla para la tabla `coinbase_payments`
--

CREATE TABLE IF NOT EXISTS `coinbase_payments` (
  `id_payment` int(11) NOT NULL AUTO_INCREMENT,
  `name` varchar(50) NOT NULL,
  `address` varchar(50) NOT NULL,
  `id_notification` varchar(50) NOT NULL,
  `id_transaction` varchar(50) NOT NULL,
  `hash_transaction` varchar(50) NOT NULL,
  `amount` float NOT NULL,
  PRIMARY KEY (`id_payment`)
) ENGINE=InnoDB  DEFAULT CHARSET=latin1 AUTO_INCREMENT=13 ;

--
-- Volcado de datos para la tabla `coinbase_payments`
--

INSERT INTO `coinbase_payments` (`id_payment`, `name`, `address`, `id_notification`, `id_transaction`, `hash_transaction`, `amount`) VALUES
(1, 'Web 3por2 Invoice numero 2', '17DU6JhLuG1f4tx644n3AVL3cobAYyv5WX', '50570e9d-3e09-546c-89a4-b3e79373889f', '017fb1b3-5418-55bf-9c6e-faca067bf308', '6ff37fba3dc0b7c99f37d3f96bdfc3915d4b411ce15f865ce9', 0.016664),
(2, 'Web 3por2 Invoice numero 2', '17DU6JhLuG1f4tx644n3AVL3cobAYyv5WX', '11c9b3d0-db3b-5f44-99e3-9c0fbf1adb60', '017fb1b3-5418-55bf-9c6e-faca067bf308', '6ff37fba3dc0b7c99f37d3f96bdfc3915d4b411ce15f865ce9', 0.016664),
(3, 'Web 3por2 Invoice numero 2', '17DU6JhLuG1f4tx644n3AVL3cobAYyv5WX', 'db29582f-823a-5203-8589-7b801fc3f235', '017fb1b3-5418-55bf-9c6e-faca067bf308', '6ff37fba3dc0b7c99f37d3f96bdfc3915d4b411ce15f865ce9', 0.016664),
(4, 'Web 3por2 Invoice numero 2', '17DU6JhLuG1f4tx644n3AVL3cobAYyv5WX', '178a5951-fc23-57d6-aea8-1864cb39894a', '017fb1b3-5418-55bf-9c6e-faca067bf308', '6ff37fba3dc0b7c99f37d3f96bdfc3915d4b411ce15f865ce9', 0.016664),
(5, 'Web 3por2 Invoice numero 3', '1BBNHm1JuXFZV6h4a8c3JZ9Lr2h7j9Ff9b', '5d4afae7-e523-5820-9021-9a0fbeb7f370', 'a1330827-7455-524f-b7c0-fb34fca2eedf', '481b1d72a2f8cd2c56949f46f13d628c2f6ecacff7027a9ef8', 0.0182),
(6, 'Web 3por2 Invoice numero 6', '1Gz8buqySLEi4CQNGTskipvqCA6VGdVbBR', '0e8855fd-d11b-59c0-b1e8-aadc3a2ae13a', '739b4047-3c74-5803-9f31-045fdbe62ca6', 'f677e434f453e5179d4705cf4e4fa901f24703ded44daeacad', 0.01699),
(7, 'Web 3por2 Invoice numero 6', '1Gz8buqySLEi4CQNGTskipvqCA6VGdVbBR', 'ca959e87-080f-57cc-a527-a032ec8e2b4e', '739b4047-3c74-5803-9f31-045fdbe62ca6', 'f677e434f453e5179d4705cf4e4fa901f24703ded44daeacad', 0.01699),
(8, 'Web 3por2 Invoice numero 6', '1Gz8buqySLEi4CQNGTskipvqCA6VGdVbBR', 'ecc2f0ea-b525-5fba-9e82-851fc0810456', '739b4047-3c74-5803-9f31-045fdbe62ca6', 'f677e434f453e5179d4705cf4e4fa901f24703ded44daeacad', 0.01699),
(9, 'Web 3por2 Invoice numero 16', '13F9Bo68HUwx1Cz7nicZ5VVJgzXmrSKKRN', 'aaee2410-d252-5734-abee-9b5fa9c7428e', '2febb1f9-2e70-5d99-97fb-071f1180cbd2', 'edbcb893a5d5d802cdb1b49f73e29fb95a2334e43fe24f96c4', 0.01794),
(10, 'Web 3por2 Invoice numero 17', '12yZYfdXubVBnkoFaMfTdGU7qcaSon6Y7n', '40ea00d5-b0bb-51ff-8f8b-8854c3c8ef4e', '920de62b-1172-547d-b265-ef8c8f5d25db', 'de594cf5b71b140dd586aadcc80c9a4932c057839ec7f8bfa2', 0.01898),
(11, 'Web 3por2 Invoice numero 20', '17BCgCxGa2NaAMyKq3U7i6GXBVWsMYvtSN', '8c61ee8e-d35e-5eba-90e2-cee1632b5816', 'a0c89bb6-da2a-5487-b524-a68d59daaea8', '0b98bf6d5978e0b1b8c76ee5c0da39279b105089548b1ab2c6', 0.0266),
(12, 'Web 3por2 Invoice numero 22', '1FfLvt2incVU2PG11f2z7JCngRUXg9cdGk', '99bf8a8d-bccd-5b91-98ba-e5aaefa08923', 'd72fa7fe-012d-5fca-a586-f64c6caf07ab', 'a5df004d2cf2d61092b1ea5b85d9361a5d2ae7319c133e3210', 0.00396);

-- --------------------------------------------------------

--
-- Estructura de tabla para la tabla `coinpayments_address`
--

CREATE TABLE IF NOT EXISTS `coinpayments_address` (
  `id_address` int(11) NOT NULL AUTO_INCREMENT,
  `id_invoice` int(11) NOT NULL,
  `moneda` varchar(50) NOT NULL,
  `total_a_pagar` float NOT NULL,
  `txn_id` varchar(100) NOT NULL,
  `address` varchar(100) NOT NULL,
  `status_url` varchar(100) NOT NULL,
  `qrcode_url` varchar(100) NOT NULL,
  `tiempo` int(11) NOT NULL,
  `coinpayments_address_datetime` datetime NOT NULL DEFAULT CURRENT_TIMESTAMP,
  PRIMARY KEY (`id_address`)
) ENGINE=InnoDB DEFAULT CHARSET=latin1 AUTO_INCREMENT=1 ;

-- --------------------------------------------------------

--
-- Estructura de tabla para la tabla `coinpayments_invoice`
--

CREATE TABLE IF NOT EXISTS `coinpayments_invoice` (
  `id_invoice` int(11) NOT NULL AUTO_INCREMENT,
  `id_usuario` int(11) NOT NULL,
  `coinpayments_invoice_datetime` datetime NOT NULL DEFAULT CURRENT_TIMESTAMP,
  `tipo` int(11) NOT NULL DEFAULT '0',
  `estado` int(11) NOT NULL DEFAULT '0',
  PRIMARY KEY (`id_invoice`)
) ENGINE=InnoDB DEFAULT CHARSET=latin1 AUTO_INCREMENT=1 ;

-- --------------------------------------------------------

--
-- Estructura de tabla para la tabla `coinpayments_payments`
--

CREATE TABLE IF NOT EXISTS `coinpayments_payments` (
  `id_payment` int(11) NOT NULL AUTO_INCREMENT,
  `moneda` varchar(50) NOT NULL,
  `monto` float NOT NULL DEFAULT '0',
  `address` varchar(100) NOT NULL,
  `id_invoice` int(11) NOT NULL,
  PRIMARY KEY (`id_payment`)
) ENGINE=InnoDB  DEFAULT CHARSET=latin1 AUTO_INCREMENT=31 ;

--
-- Volcado de datos para la tabla `coinpayments_payments`
--

INSERT INTO `coinpayments_payments` (`id_payment`, `moneda`, `monto`, `address`, `id_invoice`) VALUES
(1, '173.245.52.103', 0, 'No invoice exist', 0),
(2, '173.245.52.103', 0, 'No invoice exist', 0),
(3, '173.245.52.103', 0, 'No invoice exist', 0),
(4, '173.245.52.103', 0, 'No invoice exist', 0),
(5, '173.245.52.103', 0, 'No invoice exist', 0),
(6, '173.245.52.103', 0, 'No invoice exist', 0),
(7, '173.245.52.103', 0, 'No invoice exist', 0),
(8, '173.245.52.103', 0, 'No invoice exist', 0),
(9, '173.245.52.103', 0, 'No invoice exist', 0),
(10, '173.245.52.103', 0, 'No invoice exist', 0),
(11, '173.245.52.103', 0, 'No invoice exist', 0),
(12, '173.245.52.103', 0, 'No invoice exist', 0),
(13, '173.245.52.103', 0, 'No invoice exist', 0),
(14, '173.245.52.103', 0, 'No invoice exist', 0),
(15, '173.245.52.103', 0, 'No invoice exist', 0),
(16, '173.245.52.103', 0, 'No invoice exist', 0),
(17, '173.245.52.103', 0, 'No invoice exist', 0),
(18, '173.245.52.103', 0, 'No invoice exist', 0),
(19, '173.245.52.103', 0, 'No invoice exist', 0),
(20, '173.245.52.103', 0, 'No invoice exist', 0),
(21, '173.245.52.103', 0, 'No invoice exist', 0),
(22, '173.245.52.103', 0, 'No invoice exist', 0),
(23, '173.245.52.103', 0, 'No invoice exist', 0),
(24, '173.245.52.103', 0, 'No invoice exist', 0),
(25, '173.245.52.103', 0, 'No invoice exist', 0),
(26, '173.245.52.103', 0, 'No invoice exist', 0),
(27, '173.245.52.103', 0, 'No invoice exist', 0),
(28, '173.245.52.103', 0, 'No invoice exist', 0),
(29, '173.245.52.103', 0, 'No invoice exist', 0),
(30, '173.245.52.103', 0, 'No invoice exist', 0);

-- --------------------------------------------------------

--
-- Estructura de tabla para la tabla `contactos`
--

CREATE TABLE IF NOT EXISTS `contactos` (
  `id` int(11) NOT NULL AUTO_INCREMENT,
  `name` varchar(250) DEFAULT NULL,
  `email` varchar(250) DEFAULT NULL,
  `whatsapp` varchar(250) DEFAULT NULL,
  `ciudad` varchar(250) DEFAULT NULL,
  `inversion` varchar(250) DEFAULT NULL,
  `referido_id` int(11) DEFAULT NULL,
  `created_at` timestamp NULL DEFAULT CURRENT_TIMESTAMP,
  `updated_at` timestamp NULL DEFAULT CURRENT_TIMESTAMP ON UPDATE CURRENT_TIMESTAMP,
  PRIMARY KEY (`id`)
) ENGINE=InnoDB  DEFAULT CHARSET=latin1 AUTO_INCREMENT=5 ;

--
-- Volcado de datos para la tabla `contactos`
--

INSERT INTO `contactos` (`id`, `name`, `email`, `whatsapp`, `ciudad`, `inversion`, `referido_id`, `created_at`, `updated_at`) VALUES
(1, 'Amid Naffah Farah ', 'hamidnf99@gmail.com', '+584143551242', 'Acarigua / Venezuela ', 'No se', 26, '2018-01-25 23:49:35', '2018-01-25 23:49:35'),
(2, 'elvis antoima', 'elvisantoima78@gmail.com', '+584147856232', 'guayana venezuela', '100', 26, '2018-01-26 14:44:03', '2018-01-26 14:44:03'),
(3, 'Gonzalo sandoval', 'gonsamez@gmail.com', '573178269015', 'Bucaramanga colombia', '20usd', 26, '2018-01-27 02:45:12', '2018-01-27 02:45:12'),
(4, 'Ignacio Cuaxitl ', 'ignaciocuazitl@yahoo.com', '16306501215', 'Chicago I’ll ', '100 dólares ', 26, '2018-01-27 09:23:50', '2018-01-27 09:23:50');

-- --------------------------------------------------------

--
-- Estructura de tabla para la tabla `facturas`
--

CREATE TABLE IF NOT EXISTS `facturas` (
  `id_factura` int(11) NOT NULL AUTO_INCREMENT,
  `id_usuario` int(11) NOT NULL,
  `fecha_inicial` datetime NOT NULL DEFAULT CURRENT_TIMESTAMP,
  `fecha_final` datetime NOT NULL DEFAULT CURRENT_TIMESTAMP,
  `pagada` int(11) NOT NULL DEFAULT '0',
  PRIMARY KEY (`id_factura`)
) ENGINE=InnoDB  DEFAULT CHARSET=latin1 AUTO_INCREMENT=532 ;

--
-- Volcado de datos para la tabla `facturas`
--

INSERT INTO `facturas` (`id_factura`, `id_usuario`, `fecha_inicial`, `fecha_final`, `pagada`) VALUES
(59, 1, '2017-10-08 00:00:00', '2017-11-08 00:00:00', 1),
(60, 1, '2017-11-08 00:00:00', '2017-12-08 00:00:00', 0),
(61, 2, '2017-10-08 00:00:00', '2017-11-08 00:00:00', 1),
(62, 2, '2017-11-08 00:00:00', '2017-12-08 00:00:00', 0),
(63, 3, '2017-10-08 00:00:00', '2017-11-08 00:00:00', 1),
(64, 3, '2017-11-08 00:00:00', '2017-12-08 00:00:00', 0),
(65, 4, '2017-10-08 00:00:00', '2017-11-08 00:00:00', 1),
(66, 4, '2017-11-08 00:00:00', '2017-12-08 00:00:00', 1),
(67, 5, '2017-10-08 00:00:00', '2017-11-08 00:00:00', 1),
(68, 5, '2017-11-08 00:00:00', '2017-12-08 00:00:00', 0),
(69, 6, '2017-10-08 00:00:00', '2017-11-08 00:00:00', 1),
(70, 6, '2017-11-08 00:00:00', '2017-12-08 00:00:00', 0),
(71, 7, '2017-10-08 00:00:00', '2017-11-08 00:00:00', 1),
(72, 7, '2017-11-08 00:00:00', '2017-12-08 00:00:00', 0),
(73, 8, '2017-10-08 00:00:00', '2017-11-08 00:00:00', 1),
(74, 8, '2017-11-08 00:00:00', '2017-12-08 00:00:00', 0),
(75, 9, '2017-10-08 00:00:00', '2017-11-08 00:00:00', 1),
(76, 9, '2017-11-08 00:00:00', '2017-12-08 00:00:00', 0),
(77, 10, '2017-10-08 00:00:00', '2017-11-08 00:00:00', 1),
(78, 10, '2017-11-08 00:00:00', '2017-12-08 00:00:00', 0),
(79, 11, '2017-10-08 00:00:00', '2017-11-08 00:00:00', 1),
(80, 11, '2017-11-08 00:00:00', '2017-12-08 00:00:00', 0),
(81, 12, '2017-10-08 00:00:00', '2017-11-08 00:00:00', 1),
(82, 12, '2017-11-08 00:00:00', '2017-12-08 00:00:00', 0),
(83, 13, '2017-10-08 00:00:00', '2017-11-08 00:00:00', 1),
(84, 13, '2017-11-08 00:00:00', '2017-12-08 00:00:00', 0),
(85, 14, '2017-10-08 00:00:00', '2017-11-08 00:00:00', 1),
(86, 14, '2017-11-08 00:00:00', '2017-12-08 00:00:00', 0),
(87, 15, '2017-10-08 00:00:00', '2017-11-08 00:00:00', 1),
(88, 15, '2017-11-08 00:00:00', '2017-12-08 00:00:00', 0),
(89, 16, '2017-10-08 00:00:00', '2017-11-08 00:00:00', 1),
(90, 16, '2017-11-08 00:00:00', '2017-12-08 00:00:00', 0),
(91, 17, '2017-10-08 00:00:00', '2017-11-08 00:00:00', 1),
(92, 17, '2017-11-08 00:00:00', '2017-12-08 00:00:00', 0),
(93, 18, '2017-10-08 00:00:00', '2017-11-08 00:00:00', 0),
(94, 19, '2017-10-08 00:00:00', '2017-11-08 00:00:00', 1),
(95, 19, '2017-11-08 00:00:00', '2017-12-08 00:00:00', 0),
(96, 20, '2017-10-08 00:00:00', '2017-11-08 00:00:00', 1),
(97, 20, '2017-11-08 00:00:00', '2017-12-08 00:00:00', 0),
(98, 21, '2017-10-08 00:00:00', '2017-11-08 00:00:00', 1),
(99, 21, '2017-11-08 00:00:00', '2017-12-08 00:00:00', 0),
(100, 22, '2017-10-08 00:00:00', '2017-11-08 00:00:00', 1),
(101, 22, '2017-11-08 00:00:00', '2017-12-08 00:00:00', 0),
(102, 23, '2017-10-08 00:00:00', '2017-11-08 00:00:00', 0),
(103, 24, '2017-10-08 00:00:00', '2017-11-08 00:00:00', 0),
(104, 25, '2017-10-08 00:00:00', '2017-11-08 00:00:00', 0),
(105, 26, '2017-10-08 00:00:00', '2017-11-08 00:00:00', 1),
(106, 26, '2017-11-08 00:00:00', '2017-12-08 00:00:00', 1),
(107, 27, '2017-10-08 00:00:00', '2017-11-08 00:00:00', 0),
(108, 28, '2017-10-08 00:00:00', '2017-11-08 00:00:00', 1),
(109, 28, '2017-11-08 00:00:00', '2017-12-08 00:00:00', 0),
(110, 29, '2017-10-08 00:00:00', '2017-11-08 00:00:00', 1),
(111, 29, '2017-11-08 00:00:00', '2017-12-08 00:00:00', 0),
(112, 30, '2017-10-08 00:00:00', '2017-11-08 00:00:00', 0),
(113, 31, '2017-10-08 00:00:00', '2017-11-08 00:00:00', 0),
(114, 32, '2017-10-08 00:00:00', '2017-11-08 00:00:00', 0),
(115, 33, '2017-10-08 00:00:00', '2017-11-08 00:00:00', 0),
(116, 34, '2017-10-08 00:00:00', '2017-11-08 00:00:00', 1),
(117, 34, '2017-11-08 00:00:00', '2017-12-08 00:00:00', 0),
(118, 35, '2017-10-08 00:00:00', '2017-11-08 00:00:00', 0),
(119, 36, '2017-10-08 00:00:00', '2017-11-08 00:00:00', 0),
(120, 37, '2017-10-08 00:00:00', '2017-11-08 00:00:00', 1),
(121, 38, '2017-10-08 00:00:00', '2017-11-08 00:00:00', 0),
(122, 39, '2017-10-08 00:00:00', '2017-11-08 00:00:00', 1),
(123, 39, '2017-11-08 00:00:00', '2017-12-08 00:00:00', 1),
(124, 40, '2017-10-08 00:00:00', '2017-11-08 00:00:00', 0),
(125, 41, '2017-10-08 00:00:00', '2017-11-08 00:00:00', 0),
(126, 42, '2017-10-08 00:00:00', '2017-11-08 00:00:00', 0),
(127, 43, '2017-10-08 00:00:00', '2017-11-08 00:00:00', 0),
(128, 44, '2017-10-08 00:00:00', '2017-11-08 00:00:00', 0),
(129, 45, '2017-10-08 00:00:00', '2017-11-08 00:00:00', 0),
(130, 46, '2017-10-08 00:00:00', '2017-11-08 00:00:00', 0),
(131, 47, '2017-10-08 00:00:00', '2017-11-08 00:00:00', 0),
(132, 48, '2017-10-08 00:00:00', '2017-11-08 00:00:00', 0),
(133, 49, '2017-10-08 00:00:00', '2017-11-08 00:00:00', 0),
(134, 50, '2017-10-08 00:00:00', '2017-11-08 00:00:00', 0),
(135, 51, '2017-10-08 00:00:00', '2017-11-08 00:00:00', 0),
(136, 52, '2017-10-08 00:00:00', '2017-11-08 00:00:00', 0),
(137, 53, '2017-10-08 00:00:00', '2017-11-08 00:00:00', 0),
(138, 54, '2017-10-08 00:00:00', '2017-11-08 00:00:00', 0),
(139, 55, '2017-10-08 00:00:00', '2017-11-08 00:00:00', 0),
(140, 56, '2017-10-08 00:00:00', '2017-11-08 00:00:00', 1),
(141, 57, '2017-10-08 00:00:00', '2017-11-08 00:00:00', 0),
(142, 58, '2017-10-08 00:00:00', '2017-11-08 00:00:00', 0),
(143, 59, '2017-10-08 00:00:00', '2017-11-08 00:00:00', 0),
(144, 60, '2017-10-08 00:00:00', '2017-11-08 00:00:00', 0),
(145, 61, '2017-10-08 00:00:00', '2017-11-08 00:00:00', 0),
(146, 62, '2017-10-08 00:00:00', '2017-11-08 00:00:00', 0),
(147, 63, '2017-10-08 00:00:00', '2017-11-08 00:00:00', 0),
(148, 64, '2017-10-08 00:00:00', '2017-11-08 00:00:00', 0),
(149, 65, '2017-10-08 00:00:00', '2017-11-08 00:00:00', 0),
(150, 66, '2017-10-08 00:00:00', '2017-11-08 00:00:00', 0),
(151, 67, '2017-10-08 00:00:00', '2017-11-08 00:00:00', 0),
(152, 68, '2017-10-08 00:00:00', '2017-11-08 00:00:00', 0),
(153, 69, '2017-10-09 00:00:00', '2017-11-09 00:00:00', 0),
(154, 70, '2017-10-10 00:00:00', '2017-11-10 00:00:00', 0),
(155, 71, '2017-10-10 00:00:00', '2017-11-10 00:00:00', 0),
(156, 72, '2017-10-10 00:00:00', '2017-11-10 00:00:00', 0),
(157, 73, '2017-10-10 00:00:00', '2017-11-10 00:00:00', 0),
(158, 74, '2017-10-10 00:00:00', '2017-11-10 00:00:00', 0),
(159, 75, '2017-10-10 00:00:00', '2017-11-10 00:00:00', 0),
(160, 76, '2017-10-10 00:00:00', '2017-11-10 00:00:00', 0),
(161, 77, '2017-10-10 00:00:00', '2017-11-10 00:00:00', 0),
(162, 78, '2017-10-10 00:00:00', '2017-11-10 00:00:00', 0),
(163, 79, '2017-10-10 00:00:00', '2017-11-10 00:00:00', 0),
(164, 80, '2017-10-10 00:00:00', '2017-11-10 00:00:00', 0),
(165, 81, '2017-10-10 00:00:00', '2017-11-10 00:00:00', 0),
(166, 82, '2017-10-11 00:00:00', '2017-11-11 00:00:00', 0),
(167, 83, '2017-10-11 00:00:00', '2017-11-11 00:00:00', 1),
(168, 84, '2017-10-11 00:00:00', '2017-11-11 00:00:00', 1),
(169, 85, '2017-10-12 00:00:00', '2017-11-12 00:00:00', 0),
(170, 86, '2017-10-12 00:00:00', '2017-11-12 00:00:00', 0),
(171, 87, '2017-10-12 00:00:00', '2017-11-12 00:00:00', 0),
(172, 88, '2017-10-12 00:00:00', '2017-11-12 00:00:00', 0),
(173, 89, '2017-10-12 00:00:00', '2017-11-12 00:00:00', 0),
(174, 90, '2017-10-13 00:00:00', '2017-11-13 00:00:00', 0),
(175, 91, '2017-10-13 00:00:00', '2017-11-13 00:00:00', 0),
(176, 92, '2017-10-13 00:00:00', '2017-11-13 00:00:00', 1),
(177, 93, '2017-10-13 00:00:00', '2017-11-13 00:00:00', 0),
(178, 94, '2017-10-13 00:00:00', '2017-11-13 00:00:00', 0),
(179, 95, '2017-10-13 00:00:00', '2017-11-13 00:00:00', 0),
(180, 92, '2017-11-13 00:00:00', '2017-12-13 00:00:00', 0),
(181, 96, '2017-10-14 00:00:00', '2017-11-14 00:00:00', 0),
(182, 97, '2017-10-15 00:00:00', '2017-11-15 00:00:00', 0),
(183, 98, '2017-10-16 00:00:00', '2017-11-16 00:00:00', 0),
(184, 99, '2017-10-16 00:00:00', '2017-11-16 00:00:00', 1),
(185, 100, '2017-10-16 00:00:00', '2017-11-16 00:00:00', 0),
(186, 101, '2017-10-16 00:00:00', '2017-11-16 00:00:00', 0),
(187, 102, '2017-10-16 00:00:00', '2017-11-16 00:00:00', 0),
(188, 103, '2017-10-17 00:00:00', '2017-11-17 00:00:00', 0),
(189, 104, '2017-10-18 00:00:00', '2017-11-18 00:00:00', 0),
(190, 105, '2017-10-19 00:00:00', '2017-11-19 00:00:00', 1),
(191, 106, '2017-10-20 00:00:00', '2017-11-20 00:00:00', 0),
(192, 107, '2017-10-20 00:00:00', '2017-11-20 00:00:00', 0),
(193, 108, '2017-10-20 00:00:00', '2017-11-20 00:00:00', 0),
(194, 109, '2017-10-20 00:00:00', '2017-11-20 00:00:00', 0),
(195, 110, '2017-10-22 00:00:00', '2017-11-22 00:00:00', 0),
(196, 111, '2017-10-22 00:00:00', '2017-11-22 00:00:00', 0),
(197, 112, '2017-10-22 00:00:00', '2017-11-22 00:00:00', 0),
(198, 113, '2017-10-22 00:00:00', '2017-11-22 00:00:00', 0),
(199, 114, '2017-10-22 00:00:00', '2017-11-22 00:00:00', 0),
(200, 115, '2017-10-23 00:00:00', '2017-11-23 00:00:00', 0),
(201, 116, '2017-10-24 00:00:00', '2017-11-24 00:00:00', 0),
(202, 117, '2017-10-24 00:00:00', '2017-11-24 00:00:00', 0),
(203, 118, '2017-10-24 00:00:00', '2017-11-24 00:00:00', 0),
(204, 119, '2017-10-24 00:00:00', '2017-11-24 00:00:00', 0),
(205, 120, '2017-10-24 00:00:00', '2017-11-24 00:00:00', 0),
(206, 121, '2017-10-25 00:00:00', '2017-11-25 00:00:00', 0),
(207, 122, '2017-10-25 00:00:00', '2017-11-25 00:00:00', 0),
(208, 37, '2017-11-08 00:00:00', '2017-12-08 00:00:00', 0),
(209, 123, '2017-10-25 00:00:00', '2017-11-25 00:00:00', 0),
(210, 124, '2017-10-25 00:00:00', '2017-11-25 00:00:00', 0),
(211, 125, '2017-10-26 00:00:00', '2017-11-26 00:00:00', 0),
(212, 126, '2017-10-26 00:00:00', '2017-11-26 00:00:00', 0),
(213, 127, '2017-10-26 00:00:00', '2017-11-26 00:00:00', 0),
(214, 128, '2017-10-26 00:00:00', '2017-11-26 00:00:00', 0),
(215, 129, '2017-10-27 00:00:00', '2017-11-27 00:00:00', 0),
(216, 130, '2017-10-27 00:00:00', '2017-11-27 00:00:00', 0),
(217, 131, '2017-10-27 00:00:00', '2017-11-27 00:00:00', 0),
(218, 132, '2017-10-27 00:00:00', '2017-11-27 00:00:00', 0),
(219, 133, '2017-10-28 00:00:00', '2017-11-28 00:00:00', 0),
(220, 134, '2017-10-28 00:00:00', '2017-11-28 00:00:00', 0),
(221, 135, '2017-10-29 00:00:00', '2017-11-29 00:00:00', 0),
(222, 136, '2017-10-29 00:00:00', '2017-11-29 00:00:00', 0),
(223, 137, '2017-10-29 00:00:00', '2017-11-29 00:00:00', 0),
(224, 138, '2017-10-29 00:00:00', '2017-11-29 00:00:00', 0),
(225, 139, '2017-10-29 00:00:00', '2017-11-29 00:00:00', 0),
(226, 140, '2017-10-29 00:00:00', '2017-11-29 00:00:00', 1),
(227, 140, '2017-11-29 00:00:00', '2017-12-29 00:00:00', 0),
(228, 141, '2017-10-30 00:00:00', '2017-11-30 00:00:00', 0),
(229, 142, '2017-10-30 00:00:00', '2017-11-30 00:00:00', 0),
(230, 143, '2017-10-31 00:00:00', '2017-12-01 00:00:00', 0),
(231, 144, '2017-10-31 00:00:00', '2017-12-01 00:00:00', 0),
(232, 145, '2017-10-31 00:00:00', '2017-12-01 00:00:00', 0),
(233, 146, '2017-11-01 00:00:00', '2017-12-01 00:00:00', 0),
(234, 147, '2017-11-01 00:00:00', '2017-12-01 00:00:00', 0),
(235, 148, '2017-11-01 00:00:00', '2017-12-01 00:00:00', 0),
(236, 149, '2017-11-02 00:00:00', '2017-12-02 00:00:00', 0),
(237, 150, '2017-11-02 00:00:00', '2017-12-02 00:00:00', 0),
(238, 151, '2017-11-02 00:00:00', '2017-12-02 00:00:00', 0),
(239, 152, '2017-11-03 00:00:00', '2017-12-03 00:00:00', 1),
(240, 152, '2017-12-03 00:00:00', '2018-01-03 00:00:00', 0),
(241, 153, '2017-11-03 00:00:00', '2017-12-03 00:00:00', 0),
(242, 154, '2017-11-04 00:00:00', '2017-12-04 00:00:00', 0),
(243, 155, '2017-11-04 00:00:00', '2017-12-04 00:00:00', 0),
(244, 156, '2017-11-04 00:00:00', '2017-12-04 00:00:00', 0),
(245, 157, '2017-11-04 00:00:00', '2017-12-04 00:00:00', 0),
(246, 158, '2017-11-05 00:00:00', '2017-12-05 00:00:00', 0),
(247, 159, '2017-11-05 00:00:00', '2017-12-05 00:00:00', 0),
(248, 160, '2017-11-05 00:00:00', '2017-12-05 00:00:00', 0),
(249, 161, '2017-11-06 00:00:00', '2017-12-06 00:00:00', 0),
(250, 162, '2017-11-07 00:00:00', '2017-12-07 00:00:00', 0),
(251, 163, '2017-11-07 00:00:00', '2017-12-07 00:00:00', 0),
(252, 164, '2017-11-08 00:00:00', '2017-12-08 00:00:00', 1),
(253, 165, '2017-11-08 00:00:00', '2017-12-08 00:00:00', 0),
(254, 166, '2017-11-08 00:00:00', '2017-12-08 00:00:00', 0),
(255, 167, '2017-11-09 00:00:00', '2017-12-09 00:00:00', 0),
(256, 168, '2017-11-09 00:00:00', '2017-12-09 00:00:00', 0),
(257, 169, '2017-11-09 00:00:00', '2017-12-09 00:00:00', 0),
(258, 170, '2017-11-10 00:00:00', '2017-12-10 00:00:00', 0),
(259, 171, '2017-11-11 00:00:00', '2017-12-11 00:00:00', 0),
(260, 172, '2017-11-11 00:00:00', '2017-12-11 00:00:00', 1),
(261, 173, '2017-11-11 00:00:00', '2017-12-11 00:00:00', 0),
(262, 174, '2017-11-12 00:00:00', '2017-12-12 00:00:00', 0),
(263, 175, '2017-11-12 00:00:00', '2017-12-12 00:00:00', 0),
(264, 164, '2017-12-08 00:00:00', '2018-01-08 00:00:00', 0),
(265, 176, '2017-11-14 00:00:00', '2017-12-14 00:00:00', 0),
(266, 177, '2017-11-14 00:00:00', '2017-12-14 00:00:00', 0),
(267, 39, '2017-12-08 00:00:00', '2018-01-08 00:00:00', 1),
(268, 178, '2017-11-14 00:00:00', '2017-12-14 00:00:00', 0),
(269, 179, '2017-11-15 00:00:00', '2017-12-15 00:00:00', 0),
(270, 180, '2017-11-15 00:00:00', '2017-12-15 00:00:00', 0),
(271, 172, '2017-12-11 00:00:00', '2018-01-11 00:00:00', 0),
(272, 181, '2017-11-15 00:00:00', '2017-12-15 00:00:00', 1),
(273, 182, '2017-11-15 00:00:00', '2017-12-15 00:00:00', 0),
(274, 84, '2017-11-15 00:00:00', '2017-12-15 00:00:00', 1),
(275, 183, '2017-11-15 00:00:00', '2017-12-15 00:00:00', 0),
(276, 84, '2017-12-15 00:00:00', '2018-01-15 00:00:00', 1),
(277, 184, '2017-11-16 00:00:00', '2017-12-16 00:00:00', 0),
(278, 185, '2017-11-16 00:00:00', '2017-12-16 00:00:00', 0),
(279, 186, '2017-11-16 00:00:00', '2017-12-16 00:00:00', 0),
(280, 187, '2017-11-16 00:00:00', '2017-12-16 00:00:00', 1),
(281, 187, '2017-12-16 00:00:00', '2018-01-16 00:00:00', 0),
(282, 188, '2017-11-17 00:00:00', '2017-12-17 00:00:00', 1),
(283, 188, '2017-12-17 00:00:00', '2018-01-17 00:00:00', 0),
(284, 189, '2017-11-17 00:00:00', '2017-12-17 00:00:00', 0),
(285, 99, '2017-11-17 00:00:00', '2017-12-17 00:00:00', 1),
(286, 99, '2017-12-17 00:00:00', '2018-01-17 00:00:00', 1),
(287, 181, '2017-12-15 00:00:00', '2018-01-15 00:00:00', 1),
(288, 190, '2017-11-17 00:00:00', '2017-12-17 00:00:00', 0),
(289, 191, '2017-11-18 00:00:00', '2017-12-18 00:00:00', 1),
(290, 191, '2017-12-18 00:00:00', '2018-01-18 00:00:00', 0),
(291, 192, '2017-11-18 00:00:00', '2017-12-18 00:00:00', 0),
(292, 105, '2017-11-19 00:00:00', '2017-12-19 00:00:00', 0),
(293, 83, '2017-11-18 00:00:00', '2017-12-18 00:00:00', 1),
(294, 83, '2017-12-18 00:00:00', '2018-01-18 00:00:00', 0),
(295, 193, '2017-11-18 00:00:00', '2017-12-18 00:00:00', 1),
(297, 193, '2017-12-18 00:00:00', '2018-01-18 00:00:00', 0),
(298, 194, '2017-11-19 00:00:00', '2017-12-19 00:00:00', 0),
(299, 195, '2017-11-19 00:00:00', '2017-12-19 00:00:00', 0),
(300, 196, '2017-11-20 00:00:00', '2017-12-20 00:00:00', 1),
(301, 196, '2017-12-20 00:00:00', '2018-01-20 00:00:00', 0),
(302, 197, '2017-11-21 00:00:00', '2017-12-21 00:00:00', 1),
(303, 197, '2017-12-21 00:00:00', '2018-01-21 00:00:00', 0),
(304, 198, '2017-11-22 00:00:00', '2017-12-22 00:00:00', 0),
(305, 199, '2017-11-22 00:00:00', '2017-12-22 00:00:00', 0),
(306, 200, '2017-11-22 00:00:00', '2017-12-22 00:00:00', 0),
(307, 201, '2017-11-22 00:00:00', '2017-12-22 00:00:00', 0),
(308, 202, '2017-11-22 00:00:00', '2017-12-22 00:00:00', 0),
(309, 203, '2017-11-22 00:00:00', '2017-12-22 00:00:00', 1),
(310, 203, '2017-12-22 00:00:00', '2018-01-22 00:00:00', 0),
(311, 204, '2017-11-23 00:00:00', '2017-12-23 00:00:00', 0),
(312, 205, '2017-11-23 00:00:00', '2017-12-23 00:00:00', 0),
(313, 39, '2018-01-08 00:00:00', '2018-02-08 00:00:00', 0),
(314, 206, '2017-11-23 00:00:00', '2017-12-23 00:00:00', 0),
(315, 207, '2017-11-24 00:00:00', '2017-12-24 00:00:00', 0),
(316, 208, '2017-11-26 00:00:00', '2017-12-26 00:00:00', 1),
(317, 209, '2017-11-26 00:00:00', '2017-12-26 00:00:00', 0),
(318, 210, '2017-11-27 00:00:00', '2017-12-27 00:00:00', 0),
(319, 211, '2017-11-28 00:00:00', '2017-12-28 00:00:00', 0),
(320, 212, '2017-11-28 00:00:00', '2017-12-28 00:00:00', 0),
(321, 213, '2017-11-29 00:00:00', '2017-12-29 00:00:00', 0),
(322, 214, '2017-11-29 00:00:00', '2017-12-29 00:00:00', 0),
(323, 208, '2017-12-26 00:00:00', '2018-01-26 00:00:00', 0),
(324, 215, '2017-11-30 00:00:00', '2017-12-30 00:00:00', 0),
(325, 216, '2017-11-30 00:00:00', '2017-12-30 00:00:00', 0),
(326, 217, '2017-11-30 00:00:00', '2017-12-30 00:00:00', 0),
(327, 218, '2017-11-30 00:00:00', '2017-12-30 00:00:00', 1),
(328, 218, '2017-12-30 00:00:00', '2018-01-30 00:00:00', 0),
(329, 219, '2017-12-01 00:00:00', '2018-01-01 00:00:00', 0),
(330, 220, '2017-12-01 00:00:00', '2018-01-01 00:00:00', 1),
(331, 221, '2017-12-01 00:00:00', '2018-01-01 00:00:00', 1),
(332, 222, '2017-12-02 00:00:00', '2018-01-02 00:00:00', 1),
(333, 223, '2017-12-02 00:00:00', '2018-01-02 00:00:00', 0),
(334, 224, '2017-12-02 00:00:00', '2018-01-02 00:00:00', 0),
(335, 225, '2017-12-02 00:00:00', '2018-01-02 00:00:00', 1),
(336, 226, '2017-12-03 00:00:00', '2018-01-03 00:00:00', 0),
(337, 227, '2017-12-03 00:00:00', '2018-01-03 00:00:00', 1),
(338, 228, '2017-12-03 00:00:00', '2018-01-03 00:00:00', 0),
(339, 221, '2018-01-01 00:00:00', '2018-02-01 00:00:00', 0),
(340, 222, '2018-01-02 00:00:00', '2018-02-02 00:00:00', 0),
(341, 229, '2017-12-04 00:00:00', '2018-01-04 00:00:00', 0),
(342, 230, '2017-12-04 00:00:00', '2018-01-04 00:00:00', 0),
(343, 231, '2017-12-04 00:00:00', '2018-01-04 00:00:00', 0),
(344, 232, '2017-12-05 00:00:00', '2018-01-05 00:00:00', 0),
(345, 233, '2017-12-05 00:00:00', '2018-01-05 00:00:00', 0),
(346, 234, '2017-12-05 00:00:00', '2018-01-05 00:00:00', 0),
(347, 235, '2017-12-05 00:00:00', '2018-01-05 00:00:00', 1),
(348, 235, '2018-01-05 00:00:00', '2018-02-05 00:00:00', 0),
(349, 236, '2017-12-05 00:00:00', '2018-01-05 00:00:00', 1),
(350, 236, '2018-01-05 00:00:00', '2018-02-05 00:00:00', 0),
(351, 237, '2017-12-05 00:00:00', '2018-01-05 00:00:00', 0),
(352, 238, '2017-12-05 00:00:00', '2018-01-05 00:00:00', 0),
(353, 239, '2017-12-05 00:00:00', '2018-01-05 00:00:00', 0),
(354, 240, '2017-12-05 00:00:00', '2018-01-05 00:00:00', 0),
(355, 56, '2017-12-05 00:00:00', '2018-01-05 00:00:00', 1),
(356, 56, '2018-01-05 00:00:00', '2018-02-05 00:00:00', 0),
(357, 241, '2017-12-05 00:00:00', '2018-01-05 00:00:00', 0),
(358, 242, '2017-12-06 00:00:00', '2018-01-06 00:00:00', 1),
(359, 242, '2018-01-06 00:00:00', '2018-02-06 00:00:00', 0),
(360, 243, '2017-12-06 00:00:00', '2018-01-06 00:00:00', 0),
(361, 244, '2017-12-06 00:00:00', '2018-01-06 00:00:00', 0),
(362, 245, '2017-12-07 00:00:00', '2018-01-07 00:00:00', 0),
(363, 246, '2017-12-07 00:00:00', '2018-01-07 00:00:00', 0),
(364, 247, '2017-12-07 00:00:00', '2018-01-07 00:00:00', 1),
(365, 248, '2017-12-07 00:00:00', '2018-01-07 00:00:00', 0),
(366, 249, '2017-12-07 00:00:00', '2018-01-07 00:00:00', 0),
(367, 250, '2017-12-07 00:00:00', '2018-01-07 00:00:00', 0),
(368, 251, '2017-12-07 00:00:00', '2018-01-07 00:00:00', 0),
(369, 252, '2017-12-07 00:00:00', '2018-01-07 00:00:00', 1),
(370, 252, '2018-01-07 00:00:00', '2018-02-07 00:00:00', 0),
(371, 253, '2017-12-08 00:00:00', '2018-01-08 00:00:00', 0),
(372, 254, '2017-12-08 00:00:00', '2018-01-08 00:00:00', 1),
(373, 255, '2017-12-08 00:00:00', '2018-01-08 00:00:00', 0),
(374, 256, '2017-12-09 00:00:00', '2018-01-09 00:00:00', 1),
(375, 257, '2017-12-09 00:00:00', '2018-01-09 00:00:00', 0),
(376, 256, '2018-01-09 00:00:00', '2018-02-09 00:00:00', 0),
(377, 258, '2017-12-09 00:00:00', '2018-01-09 00:00:00', 1),
(378, 258, '2018-01-09 00:00:00', '2018-02-09 00:00:00', 1),
(379, 258, '2018-02-09 00:00:00', '2018-03-09 00:00:00', 1),
(380, 258, '2018-03-09 00:00:00', '2018-04-09 00:00:00', 1),
(381, 258, '2018-04-09 00:00:00', '2018-05-09 00:00:00', 1),
(382, 258, '2018-05-09 00:00:00', '2018-06-09 00:00:00', 0),
(383, 259, '2017-12-10 00:00:00', '2018-01-10 00:00:00', 0),
(384, 260, '2017-12-10 00:00:00', '2018-01-10 00:00:00', 0),
(385, 261, '2017-12-10 00:00:00', '2018-01-10 00:00:00', 0),
(386, 262, '2017-12-11 00:00:00', '2018-01-11 00:00:00', 0),
(387, 263, '2017-12-11 00:00:00', '2018-01-11 00:00:00', 0),
(388, 264, '2017-12-12 00:00:00', '2018-01-12 00:00:00', 0),
(389, 265, '2017-12-12 00:00:00', '2018-01-12 00:00:00', 0),
(390, 247, '2018-01-07 00:00:00', '2018-02-07 00:00:00', 0),
(391, 266, '2017-12-12 00:00:00', '2018-01-12 00:00:00', 0),
(392, 4, '2017-12-12 00:00:00', '2018-01-12 00:00:00', 0),
(393, 267, '2017-12-13 00:00:00', '2018-01-13 00:00:00', 0),
(394, 268, '2017-12-13 00:00:00', '2018-01-13 00:00:00', 0),
(395, 269, '2017-12-13 00:00:00', '2018-01-13 00:00:00', 0),
(396, 270, '2017-12-14 00:00:00', '2018-01-14 00:00:00', 0),
(397, 271, '2017-12-15 00:00:00', '2018-01-15 00:00:00', 0),
(398, 272, '2017-12-15 00:00:00', '2018-01-15 00:00:00', 1),
(399, 273, '2017-12-16 00:00:00', '2018-01-16 00:00:00', 0),
(400, 274, '2017-12-16 00:00:00', '2018-01-16 00:00:00', 0),
(401, 275, '2017-12-18 00:00:00', '2018-01-18 00:00:00', 0),
(402, 276, '2017-12-19 00:00:00', '2018-01-19 00:00:00', 0),
(403, 277, '2017-12-20 00:00:00', '2018-01-20 00:00:00', 0),
(404, 278, '2017-12-21 00:00:00', '2018-01-21 00:00:00', 1),
(405, 99, '2018-01-17 00:00:00', '2018-02-17 00:00:00', 0),
(406, 279, '2017-12-21 00:00:00', '2018-01-21 00:00:00', 1),
(407, 280, '2017-12-22 00:00:00', '2018-01-22 00:00:00', 0),
(408, 84, '2018-01-15 00:00:00', '2018-02-15 00:00:00', 1),
(409, 225, '2018-01-02 00:00:00', '2018-02-02 00:00:00', 1),
(410, 272, '2018-01-15 00:00:00', '2018-02-15 00:00:00', 0),
(411, 281, '2017-12-22 00:00:00', '2018-01-22 00:00:00', 0),
(412, 26, '2017-12-22 00:00:00', '2018-01-22 00:00:00', 1),
(413, 282, '2017-12-23 00:00:00', '2018-01-23 00:00:00', 1),
(414, 282, '2018-01-23 00:00:00', '2018-02-23 00:00:00', 1),
(415, 283, '2017-12-23 00:00:00', '2018-01-23 00:00:00', 1),
(416, 284, '2017-12-23 00:00:00', '2018-01-23 00:00:00', 1),
(417, 285, '2017-12-23 00:00:00', '2018-01-23 00:00:00', 0),
(418, 286, '2017-12-23 00:00:00', '2018-01-23 00:00:00', 1),
(419, 227, '2018-01-03 00:00:00', '2018-02-03 00:00:00', 1),
(420, 84, '2018-02-15 00:00:00', '2018-03-15 00:00:00', 0),
(421, 26, '2018-01-22 00:00:00', '2018-02-22 00:00:00', 0),
(422, 286, '2018-01-23 00:00:00', '2018-02-23 00:00:00', 0),
(423, 287, '2017-12-23 00:00:00', '2018-01-23 00:00:00', 1),
(424, 287, '2018-01-23 00:00:00', '2018-02-23 00:00:00', 1),
(425, 288, '2017-12-23 00:00:00', '2018-01-23 00:00:00', 1),
(426, 225, '2018-02-02 00:00:00', '2018-03-02 00:00:00', 1),
(427, 288, '2018-01-23 00:00:00', '2018-02-23 00:00:00', 0),
(428, 284, '2018-01-23 00:00:00', '2018-02-23 00:00:00', 0),
(429, 289, '2017-12-24 00:00:00', '2018-01-24 00:00:00', 0),
(430, 290, '2017-12-24 00:00:00', '2018-01-24 00:00:00', 0),
(431, 282, '2018-02-23 00:00:00', '2018-03-23 00:00:00', 0),
(432, 283, '2018-01-23 00:00:00', '2018-02-23 00:00:00', 0),
(433, 291, '2017-12-24 00:00:00', '2018-01-24 00:00:00', 0),
(434, 292, '2017-12-25 00:00:00', '2018-01-25 00:00:00', 0),
(435, 293, '2017-12-25 00:00:00', '2018-01-25 00:00:00', 0),
(436, 225, '2018-03-02 00:00:00', '2018-04-02 00:00:00', 0),
(437, 294, '2017-12-25 00:00:00', '2018-01-25 00:00:00', 0),
(438, 278, '2018-01-21 00:00:00', '2018-02-21 00:00:00', 0),
(439, 295, '2017-12-27 00:00:00', '2018-01-27 00:00:00', 0),
(440, 296, '2017-12-27 00:00:00', '2018-01-27 00:00:00', 0),
(441, 297, '2017-12-27 00:00:00', '2018-01-27 00:00:00', 0),
(442, 298, '2017-12-27 00:00:00', '2018-01-27 00:00:00', 0),
(443, 299, '2017-12-27 00:00:00', '2018-01-27 00:00:00', 1),
(444, 299, '2018-01-27 00:00:00', '2018-02-27 00:00:00', 0),
(445, 254, '2018-01-08 00:00:00', '2018-02-08 00:00:00', 0),
(446, 300, '2017-12-30 00:00:00', '2018-01-30 00:00:00', 0),
(447, 301, '2018-01-01 00:00:00', '2018-02-01 00:00:00', 0),
(448, 279, '2018-01-21 00:00:00', '2018-02-21 00:00:00', 0),
(449, 302, '2018-01-01 00:00:00', '2018-02-01 00:00:00', 0),
(450, 303, '2018-01-01 00:00:00', '2018-02-01 00:00:00', 0),
(451, 304, '2018-01-02 00:00:00', '2018-02-02 00:00:00', 0),
(452, 305, '2018-01-02 00:00:00', '2018-02-02 00:00:00', 0),
(453, 306, '2018-01-03 00:00:00', '2018-02-03 00:00:00', 1),
(454, 307, '2018-01-03 00:00:00', '2018-02-03 00:00:00', 0),
(455, 308, '2018-01-04 00:00:00', '2018-02-04 00:00:00', 0),
(456, 309, '2018-01-04 00:00:00', '2018-02-04 00:00:00', 0),
(457, 310, '2018-01-05 00:00:00', '2018-02-05 00:00:00', 0),
(458, 311, '2018-01-05 00:00:00', '2018-02-05 00:00:00', 0),
(459, 312, '2018-01-05 00:00:00', '2018-02-05 00:00:00', 0),
(460, 313, '2018-01-05 00:00:00', '2018-02-05 00:00:00', 0),
(461, 220, '2018-01-05 00:00:00', '2018-02-05 00:00:00', 0),
(462, 314, '2018-01-05 00:00:00', '2018-02-05 00:00:00', 0),
(463, 315, '2018-01-06 00:00:00', '2018-02-06 00:00:00', 0),
(464, 316, '2018-01-06 00:00:00', '2018-02-06 00:00:00', 0),
(465, 317, '2018-01-06 00:00:00', '2018-02-06 00:00:00', 0),
(466, 318, '2018-01-06 00:00:00', '2018-02-06 00:00:00', 0),
(467, 319, '2018-01-06 00:00:00', '2018-02-06 00:00:00', 0),
(468, 320, '2018-01-07 00:00:00', '2018-02-07 00:00:00', 0),
(469, 321, '2018-01-07 00:00:00', '2018-02-07 00:00:00', 0),
(470, 322, '2018-01-07 00:00:00', '2018-02-07 00:00:00', 0),
(471, 323, '2018-01-07 00:00:00', '2018-02-07 00:00:00', 0),
(472, 324, '2018-01-07 00:00:00', '2018-02-07 00:00:00', 0),
(473, 325, '2018-01-08 00:00:00', '2018-02-08 00:00:00', 0),
(474, 326, '2018-01-09 00:00:00', '2018-02-09 00:00:00', 0),
(475, 327, '2018-01-09 00:00:00', '2018-02-09 00:00:00', 0),
(476, 328, '2018-01-09 00:00:00', '2018-02-09 00:00:00', 0),
(477, 329, '2018-01-09 00:00:00', '2018-02-09 00:00:00', 0),
(478, 330, '2018-01-09 00:00:00', '2018-02-09 00:00:00', 0),
(479, 331, '2018-01-10 00:00:00', '2018-02-10 00:00:00', 0),
(480, 181, '2018-01-15 00:00:00', '2018-02-15 00:00:00', 1),
(481, 181, '2018-02-15 00:00:00', '2018-03-15 00:00:00', 0),
(482, 332, '2018-01-10 00:00:00', '2018-02-10 00:00:00', 0),
(483, 333, '2018-01-10 00:00:00', '2018-02-10 00:00:00', 0),
(484, 334, '2018-01-11 00:00:00', '2018-02-11 00:00:00', 0),
(485, 335, '2018-01-11 00:00:00', '2018-02-11 00:00:00', 0),
(486, 336, '2018-01-12 00:00:00', '2018-02-12 00:00:00', 0),
(487, 337, '2018-01-13 00:00:00', '2018-02-13 00:00:00', 0),
(488, 338, '2018-01-13 00:00:00', '2018-02-13 00:00:00', 1),
(489, 339, '2018-01-13 00:00:00', '2018-02-13 00:00:00', 0),
(490, 340, '2018-01-13 00:00:00', '2018-02-13 00:00:00', 1),
(491, 338, '2018-02-13 00:00:00', '2018-03-13 00:00:00', 0),
(492, 287, '2018-02-23 00:00:00', '2018-03-23 00:00:00', 0),
(493, 341, '2018-01-13 00:00:00', '2018-02-13 00:00:00', 0),
(494, 342, '2018-01-13 00:00:00', '2018-02-13 00:00:00', 0),
(495, 343, '2018-01-15 00:00:00', '2018-02-15 00:00:00', 0),
(496, 344, '2018-01-16 00:00:00', '2018-02-16 00:00:00', 0),
(497, 345, '2018-01-16 00:00:00', '2018-02-16 00:00:00', 0),
(498, 346, '2018-01-17 00:00:00', '2018-02-17 00:00:00', 1),
(499, 346, '2018-02-17 00:00:00', '2018-03-17 00:00:00', 0),
(500, 347, '2018-01-17 00:00:00', '2018-02-17 00:00:00', 0),
(501, 348, '2018-01-17 00:00:00', '2018-02-17 00:00:00', 1),
(502, 349, '2018-01-17 00:00:00', '2018-02-17 00:00:00', 0),
(503, 348, '2018-02-17 00:00:00', '2018-03-17 00:00:00', 0),
(504, 350, '2018-01-18 00:00:00', '2018-02-18 00:00:00', 0),
(505, 340, '2018-02-13 00:00:00', '2018-03-13 00:00:00', 0),
(506, 351, '2018-01-21 00:00:00', '2018-02-21 00:00:00', 0),
(507, 352, '2018-01-22 00:00:00', '2018-02-22 00:00:00', 0),
(508, 353, '2018-01-22 00:00:00', '2018-02-22 00:00:00', 1),
(509, 354, '2018-01-23 00:00:00', '2018-02-23 00:00:00', 0),
(510, 355, '2018-01-23 00:00:00', '2018-02-23 00:00:00', 0),
(511, 356, '2018-01-23 00:00:00', '2018-02-23 00:00:00', 1),
(512, 356, '2018-02-23 00:00:00', '2018-03-23 00:00:00', 0),
(513, 357, '2018-01-24 00:00:00', '2018-02-24 00:00:00', 0),
(514, 306, '2018-02-03 00:00:00', '2018-03-03 00:00:00', 1),
(515, 306, '2018-03-03 00:00:00', '2018-04-03 00:00:00', 0),
(516, 358, '2018-01-24 00:00:00', '2018-02-24 00:00:00', 0),
(517, 359, '2018-01-24 00:00:00', '2018-02-24 00:00:00', 0),
(518, 360, '2018-01-25 00:00:00', '2018-02-25 00:00:00', 0),
(519, 361, '2018-01-26 00:00:00', '2018-02-26 00:00:00', 0),
(520, 227, '2018-02-03 00:00:00', '2018-03-03 00:00:00', 0),
(521, 353, '2018-02-22 00:00:00', '2018-03-22 00:00:00', 0),
(522, 362, '2018-01-27 00:00:00', '2018-02-27 00:00:00', 0),
(523, 363, '2018-01-29 00:00:00', '2018-03-01 00:00:00', 0),
(524, 364, '2018-01-30 00:00:00', '2018-03-02 00:00:00', 0),
(525, 365, '2018-01-30 00:00:00', '2018-03-02 00:00:00', 0),
(526, 366, '2018-01-30 00:00:00', '2018-03-02 00:00:00', 0),
(527, 367, '2018-02-01 00:00:00', '2018-03-01 00:00:00', 0),
(528, 368, '2018-02-02 00:00:00', '2018-03-02 00:00:00', 0),
(529, 369, '2018-02-03 00:00:00', '2018-03-03 00:00:00', 0),
(530, 370, '2018-02-04 00:00:00', '2018-03-04 00:00:00', 0),
(531, 371, '2018-02-04 00:00:00', '2018-03-04 00:00:00', 0);

-- --------------------------------------------------------

--
-- Estructura de tabla para la tabla `ganancias`
--

CREATE TABLE IF NOT EXISTS `ganancias` (
  `id_ganancia` int(11) NOT NULL AUTO_INCREMENT,
  `id_usuario` int(11) NOT NULL,
  `cantidad` float NOT NULL,
  `razon` longtext NOT NULL,
  `pagada` int(11) NOT NULL DEFAULT '0',
  `fecha` datetime DEFAULT CURRENT_TIMESTAMP,
  PRIMARY KEY (`id_ganancia`)
) ENGINE=InnoDB  DEFAULT CHARSET=latin1 AUTO_INCREMENT=53 ;

--
-- Volcado de datos para la tabla `ganancias`
--

INSERT INTO `ganancias` (`id_ganancia`, `id_usuario`, `cantidad`, `razon`, `pagada`, `fecha`) VALUES
(2, 1, 250, 'Pago por Completar Matriz', 1, NULL),
(3, 1, 250, 'Nueva Matriz', 1, NULL),
(4, 1, 250, 'Pago por Completar Matriz', 1, NULL),
(5, 1, 250, 'Nueva Matriz', 1, NULL),
(6, 84, 210, 'Pago por Completar Matriz', 1, NULL),
(7, 84, 40, 'Pago mensualidad', 1, NULL),
(8, 84, 250, 'Nueva Matriz', 1, NULL),
(9, 26, 210, 'Pago por Completar Matriz', 1, NULL),
(10, 26, 40, 'Pago mensualidad', 1, NULL),
(11, 26, 250, 'Nueva Matriz', 1, NULL),
(12, 225, 210, 'Pago por Completar Matriz', 1, NULL),
(13, 225, 40, 'Pago mensualidad', 1, NULL),
(14, 225, 250, 'Nueva Matriz', 1, NULL),
(17, 26, 100, 'Usuario : companybitgo fue activado - Pago Unico', 1, NULL),
(18, 282, 210, 'Pago por Completar Matriz', 1, NULL),
(19, 282, 40, 'Pago mensualidad', 1, NULL),
(20, 282, 250, 'Nueva Matriz', 1, NULL),
(21, 1, 10, 'Pago Circulo 2 (stivensson hinojosa)', 1, NULL),
(22, 1, 10, 'Pago por bono de igualdad (stivensson hinojosa)', 1, NULL),
(23, 1, 250, 'Pago por Completar Matriz', 1, NULL),
(24, 1, 250, 'Nueva Matriz', 1, NULL),
(25, 26, 250, 'Pago por Completar Matriz', 0, NULL),
(26, 26, 250, 'Nueva Matriz', 1, NULL),
(27, 84, 250, 'Pago por Completar Matriz', 0, NULL),
(28, 84, 250, 'Nueva Matriz', 1, NULL),
(29, 84, 100, 'Usuario : Robertoac2012 fue activado - Pago Unico', 0, '2018-01-01 11:58:34'),
(30, 51, 100, 'Usuario : LCREYES fue activado - Pago Unico', 0, '2018-01-02 14:01:53'),
(31, 1, 250, 'Pago por Completar Matriz', 0, '2018-01-05 13:19:00'),
(32, 1, 250, 'Nueva Matriz', 1, '2018-01-05 13:19:00'),
(33, 1, 100, 'Usuario : Jgjuancho fue activado - Pago Unico', 0, '2018-01-07 15:11:50'),
(34, 1, 100, 'Usuario : giovanoti1 fue activado - Pago Unico', 0, '2018-01-07 15:12:28'),
(35, 84, 100, 'Usuario : aipedromorales fue activado - Pago Unico', 0, '2018-01-10 07:13:50'),
(36, 84, 250, 'Pago por Completar Matriz', 0, '2018-01-10 14:51:28'),
(37, 84, 250, 'Nueva Matriz', 1, '2018-01-10 14:51:28'),
(38, 225, 250, 'Pago por Completar Matriz', 0, '2018-01-13 07:52:18'),
(39, 225, 250, 'Nueva Matriz', 1, '2018-01-13 07:52:18'),
(40, 1, 250, 'Pago por Completar Matriz', 0, '2018-01-13 07:52:18'),
(41, 1, 250, 'Nueva Matriz', 1, '2018-01-13 07:52:18'),
(42, 338, 100, 'Usuario : pedromorales fue activado - Pago Unico', 0, '2018-01-18 11:51:19'),
(43, 84, 250, 'Pago por Completar Matriz', 0, '2018-01-19 11:53:41'),
(44, 84, 250, 'Nueva Matriz', 1, '2018-01-19 11:53:41'),
(45, 1, 250, 'Pago por Completar Matriz', 0, '2018-01-19 11:53:41'),
(46, 1, 250, 'Nueva Matriz', 1, '2018-01-19 11:53:41'),
(47, 227, 210, 'Pago por Completar Matriz', 0, '2018-01-27 10:15:54'),
(48, 227, 40, 'Pago mensualidad', 1, '2018-01-27 10:15:54'),
(49, 227, 250, 'Nueva Matriz', 1, '2018-01-27 10:15:54'),
(50, 1, 10, 'Pago Circulo 2 (Maritza Hernandez)', 0, '2018-01-27 10:15:54'),
(51, 1, 10, 'Pago por bono de igualdad (Maritza Hernandez)', 0, '2018-01-27 10:15:54'),
(52, 1, 100, 'Usuario : freddy4636 fue activado - Pago Unico', 0, '2018-02-02 18:40:06');

-- --------------------------------------------------------

--
-- Estructura de tabla para la tabla `indicios`
--

CREATE TABLE IF NOT EXISTS `indicios` (
  `id_indicio` int(11) NOT NULL AUTO_INCREMENT,
  `titulo` varchar(100) NOT NULL,
  `imagen` varchar(100) NOT NULL,
  `fecha` datetime NOT NULL DEFAULT CURRENT_TIMESTAMP,
  `info` varchar(100) NOT NULL,
  `seccion` int(11) NOT NULL DEFAULT '1',
  PRIMARY KEY (`id_indicio`)
) ENGINE=InnoDB  DEFAULT CHARSET=latin1 AUTO_INCREMENT=242 ;

--
-- Volcado de datos para la tabla `indicios`
--

INSERT INTO `indicios` (`id_indicio`, `titulo`, `imagen`, `fecha`, `info`, `seccion`) VALUES
(3, '19 Sep', '0e8449db0bc3b324b428d35e351c2d8a.png', '2017-09-19 00:00:00', '', 1),
(4, '25 Sep', 'c030be7326a5d5dacc2932fcb55cd8e0.jpg', '2017-09-25 00:00:00', '', 1),
(5, '18 Sep', '274422bcf0416475884899b2a7fb590a.jpeg', '2017-09-18 00:00:00', '', 1),
(6, '22 Sep', '27cebfae583f0ce1d966008eb18699fd.jpeg', '2017-09-22 00:00:00', '', 1),
(7, '04 de Oct', '55508b8b86df2f3d7aa87f32a79741bd.png', '2017-10-04 00:00:00', '', 1),
(8, '04 de Oct', '762793170227367d04307b2fbf77129a.jpg', '2017-10-04 00:00:00', '', 1),
(9, '12 de Oct', '5607e4e709eca146d08d8db44bde4fd2.png', '2017-10-12 00:00:00', '', 1),
(10, 'Señal 12 de Oct Cumplida', '5543f17c54a596d540a3ce127901372c.jpg', '2017-10-12 00:00:00', '', 2),
(12, '14 oct', 'b4a37af7f9e21b668271be74c3e2df71.png', '2017-10-14 00:00:00', '', 1),
(13, '15 de Oct', '861eab98181827739a9a24e2686fa5fb.jpg', '2017-10-15 00:00:00', '', 1),
(14, '16 de oct', '8df7c18fe12025916af6af536738201f.jpg', '2017-10-16 00:00:00', '', 1),
(15, '16 de oct', '23443ceb1a648d370540f7227ee8f67b.png', '2017-10-16 00:00:00', '', 2),
(16, '16 de oct', '6ebd1fe351c778827884c607f7392ef9.png', '2017-10-16 00:00:00', '', 1),
(17, '16 de oct', 'e2089850c3c341ab9a425fe909d151bc.png', '2017-10-16 00:00:00', '', 1),
(18, '17 de oct', 'f00244e8f544042b3bef972d7a1718c5.jpg', '2017-10-17 00:00:00', '', 1),
(19, '16 de oct', '902d89daf1608830514bc7340bef40fd.png', '2017-10-17 00:00:00', '', 2),
(20, '17 de oct', 'd9d824db7e6242f5617fb7b9a8fe6e6f.png', '2017-10-17 00:00:00', '', 1),
(21, '17 de Oct', 'c92787b508b30baa2f21f950a1d82ba7.jpg', '2017-10-17 00:00:00', '', 1),
(22, '18 de Oct', '2a66c63d1d809040353a16711724d367.jpg', '2017-10-18 00:00:00', '', 1),
(23, '', 'e739d35e48a8f46f5a020229d94b906f.png', '2017-10-18 00:00:00', 'señal de DGB dia 18 de octubre 2017', 1),
(24, '18 de Oct', '51aba656ca625f5fe17fa5e5aa3eb58e.jpg', '2017-10-18 00:00:00', '', 1),
(25, '', '139ef6c875a6c1655803359cb7fca3d3.png', '2017-10-15 00:00:00', 'SEÑAL DE NAV 18 DE OCT', 1),
(28, '18 de Oct', 'a667fcb64ca2e34d3ab28f306f6b47c4.png', '2017-10-18 00:00:00', '', 2),
(30, '17 de Oct', '389d9e1bc8ea7393525d11b0046ea7b0.png', '2017-10-17 00:00:00', '', 1),
(33, '17 de Oct', '516ea056d972fb3a6ce9f8489b78b1d8.png', '2017-10-17 00:00:00', '', 2),
(34, 'Señal 19 de Octubre', '451118c323880ba73d2213d63ff55e54.jpg', '2017-10-19 00:00:00', '', 1),
(35, '19 de Oct', '9a7584b4861c3f1e29ce9b2aac3c05fd.jpg', '2017-10-19 00:00:00', '', 1),
(36, 'Señal 19 de Octubre', 'fd41333f26ff24499d0f46da80622b04.jpg', '2017-10-19 00:00:00', '', 1),
(37, '19 de Oct', 'eab6917a142302404ce684390e3a56e9.jpg', '2017-10-19 00:00:00', '', 1),
(38, '', '2f35dc75818200a70deb9ab5eccb3fa5.png', '2017-10-20 00:00:00', 'Señal Cumplida CLOAK 19 DE OCTUBRE', 2),
(39, '20 de Oct', '704ec1e6a67757398de6f38669bb94fe.jpg', '2017-10-20 00:00:00', '', 1),
(41, '23 de Oct', '6b29dd2a709bb83d7d84a4bf497a0844.jpg', '2017-10-23 00:00:00', '', 1),
(42, '23 de Oct', 'cb7f3013e7c9003ad603d9f26d240901.jpg', '2017-10-23 00:00:00', '', 1),
(43, '23 de Oct', 'e719e4578c532f43ff9b220ecafd2e6b.jpg', '2017-10-23 00:00:00', '', 1),
(44, '23 de Oct', '5535a483b82b7e5357b8f94e522391d9.jpg', '2017-10-23 00:00:00', '', 1),
(45, '23 de Oct', '5d3ffc59ff6cf7a0c70585f2d35880a2.jpg', '2017-10-23 00:00:00', '', 1),
(46, '23 de Oct', '8d631ca252c101731163c6585dc7e0d9.jpg', '2017-10-23 00:00:00', '', 1),
(47, '23 de Oct', '77b20b505a53c8a1cd63ce6ea3136460.jpg', '2017-10-23 00:00:00', '', 2),
(49, '23 de Oct', '0c86806af912e9aa3aedfd1fe5489747.jpg', '2017-10-23 00:00:00', '', 2),
(50, '24 de Oct', 'f5b2732b3ab5983274e5ddc1e15a94e9.jpg', '2017-10-24 00:00:00', '', 1),
(51, '23 de Oct', 'a2bed348689394c44d57935549920155.jpg', '2017-10-23 00:00:00', '', 2),
(53, '23 de Oct', '462c93fb133fe9a61d51bb097b659ff8.jpg', '2017-10-23 00:00:00', '', 2),
(54, '23 de Oct', 'f44de2485cd8a8ddeab2489d7a4dc78e.jpg', '2017-10-23 00:00:00', '', 2),
(55, '25 de Oct', '054b31bd285b534278b6ccecd76786f0.jpg', '2017-10-25 00:00:00', '', 1),
(56, '25 de Oct', '571a269a17936bca7b226e8ca0494869.png', '2017-10-25 00:00:00', '', 2),
(57, '', 'f3d93e8433d00f793085c54bd5d25d69.jpg', '2017-10-26 00:00:00', 'señal de steem 26 de octubre', 1),
(58, '27 de Oct', '661896294f6c5e907991000e301b4226.jpg', '2017-10-27 00:00:00', '', 1),
(59, '27 de Oct', '57bf7f78405192c567218706f94dc8d7.png', '2017-10-27 00:00:00', '', 1),
(60, '27 de Oct', '791400a7e70bedd45b800a1451c59d58.png', '2017-10-27 00:00:00', '', 1),
(73, 'Canal 1', '5eb7084e1fbc7116839663a51cb2ac79.jpg', '2017-10-26 00:00:00', '', 2),
(74, 'Canal 1', '3730161e72ef8efd6457776e3ed0eb41.jpg', '2017-10-28 00:00:00', '', 2),
(75, 'Canal 1', '57627b9a1b4eaaf543de05129ea42903.jpg', '2017-10-29 00:00:00', '', 2),
(76, 'Canal 1', 'bff876bc615cdc33e629f8d784cbc04c.jpg', '2017-10-30 00:00:00', '', 2),
(77, 'Canal 1', '05e0f3320fd8e8c6cddd15bc2c7be166.jpg', '2017-11-02 00:00:00', '', 2),
(78, 'Canal 1', 'bd96cea3f3b0a934a2b7646e406bb5e1.jpg', '2017-11-02 00:00:00', '', 2),
(80, 'Canal 1', '080e2156a0f6ed05cb3fdbe040e05d8c.jpg', '2017-11-02 00:00:00', '', 2),
(81, 'Canal 1', '36df8f8eadbcbfed9730764394cda6ce.jpg', '2017-11-02 00:00:00', '', 2),
(82, 'Canal 1', '23b46d9c0098c3ed86f8485c5f0f2df6.jpg', '2017-11-02 00:00:00', '', 2),
(83, 'Canal 1', '1c8053073a0ffa38cfc54449e5fb4dc2.jpg', '2017-11-03 00:00:00', '', 2),
(84, 'Canal 1', '82fd8615cb8beac62937649f165bbcd1.jpg', '2017-11-03 00:00:00', '', 2),
(85, 'Canal 1', 'bd0f907344c675dd8ee9276484879463.jpg', '2017-11-03 00:00:00', '', 2),
(86, 'Canal 1', '7d950a96f6519d1d8a073fd3058b3415.jpg', '2017-11-03 00:00:00', '', 2),
(87, 'Canal 1', 'd2c3d1792a1cdd4929b27169c9c8c900.jpg', '2017-11-04 00:00:00', '', 2),
(88, 'Canal 1', 'e7acecb8cc12e7b338eb0d080b416f17.jpg', '2017-11-04 00:00:00', '', 2),
(89, 'Canal 1', '23d995333721d8cf50903790f6edbea2.jpg', '2017-11-04 00:00:00', '', 2),
(90, 'Canal 1', '0fda812292bbdbf7b45f1714de59122a.jpg', '2017-11-06 00:00:00', '', 2),
(91, 'Canal 1', '14a60543796304af7b5f4d6b31e048cd.jpg', '2017-11-06 00:00:00', '', 2),
(92, 'Canal 1', '9fdd8e12c3fd48fefb82440ec6532757.jpg', '2017-11-06 00:00:00', '', 2),
(97, 'Señal BRX 07-11', '7c10147045335b73f6a29fdbae3f4c5f.jpg', '2017-11-07 00:00:00', '', 2),
(99, 'Señal SNRG 07-11 2 ', '17573eddd506ab09a49d6dbbf22b3fe3.jpg', '2017-11-07 00:00:00', '', 2),
(100, 'Señal SNRG 07-11', 'd152633c18f2a205e6732df4b9fafbbf.jpg', '2017-11-07 00:00:00', '', 2),
(102, 'Señal PTOY', 'c0705c61704db9a6fea07ab7881d4890.jpg', '2017-11-08 00:00:00', '', 2),
(103, 'Señal XEL', '839d49255aafe3147805d1c597f35062.jpg', '2017-11-08 00:00:00', '', 2),
(105, 'Señal MLT', '3736e371b2de681b94c0e0fccb64fea4.jpg', '2017-11-08 00:00:00', '', 2),
(106, 'Señal TRIG', '13d38537ee04dc9a51930acf5bd952f0.jpg', '2017-11-09 00:00:00', '', 2),
(107, 'Señal ION', 'cd21f304b7e2dd90fc1e5af9ba0b0c68.jpg', '2017-11-09 00:00:00', '', 2),
(108, 'Señal NTX', '3153af01f823c41eb1f591b605311b0f.jpg', '2017-11-09 00:00:00', '', 2),
(110, 'Señal SC', '0d11451fd14e5b31bcb429231630b77d.jpg', '2017-11-09 00:00:00', '', 2),
(111, 'Señal DCR', 'd764f59b440e5113f24b6b15803de064.jpg', '2017-11-10 00:00:00', '', 2),
(112, 'Señal XRP', '7248c28037323a1c53cc2038464c84e4.jpg', '2017-11-10 00:00:00', '', 2),
(113, 'Señal NXS', '1f618bc7eca25cd31833f37c0d172cbb.jpg', '2017-11-11 00:00:00', '', 2),
(114, 'Señal MER', '77b148bdeed5b4c6c2e498b36b7a9f23.jpg', '2017-11-13 00:00:00', '', 2),
(115, 'Señal Waves', '8f90f99e783591a117a4551d4bc5d858.jpg', '2017-11-13 00:00:00', '', 2),
(116, 'Señal POWR', 'd5ab942ca6dd71d48a5cc504c6fecea6.jpg', '2017-11-13 00:00:00', '', 2),
(117, 'Señal TRIG', 'be3ad9dccacc8ccaeb1019abaca5a46e.jpg', '2017-11-14 00:00:00', '', 2),
(119, 'Señal DCT', '6b635c1d58b102988ef40b7a71601a8e.jpg', '2017-11-14 00:00:00', '', 2),
(120, 'Señal POWR', '', '2017-11-14 00:00:00', '', 2),
(121, 'Señal RCN', 'a7c2735cd118cc6113625180f575db19.jpg', '2017-11-14 00:00:00', '', 2),
(122, 'Señal EGC', 'f5b736958bacd28b85412767476e6820.jpg', '2017-11-15 00:00:00', '', 2),
(123, 'SEñal POWR', '4fb53fefe737e6428f5b8f673c7ada71.jpg', '2017-11-16 00:00:00', '', 2),
(124, 'Señal CURE', '1223662c3200bcbfd7bc5091003c10a1.jpg', '2017-11-16 00:00:00', '', 2),
(125, 'SeñalPINK', 'f001f808424be8388cf477c8140b3af4.jpg', '2017-11-15 00:00:00', '', 2),
(126, 'Señal SALT', '444976d25ff3b9a29a7ec53047b2b4cf.jpg', '2017-11-18 00:00:00', '', 2),
(137, 'Señal MUSIC', 'c5398f82065e9d2c8bb7c4c14186235f.jpg', '2017-11-20 00:00:00', '', 2),
(138, 'Señal GRS', 'd4e2e725ada30d80676366a86809ee9f.jpg', '2017-11-20 00:00:00', '', 2),
(139, 'Señal STORJ', 'bd0a43d923c0b578af21cb145e373ca0.jpg', '2017-11-20 00:00:00', '', 2),
(140, 'Señal MAID', '24632ed07d0ceffb3ffc3557495a0759.jpg', '2017-11-21 00:00:00', '', 2),
(141, 'Señal BTG', '4466832b2c5cc42d44c0e44eed987d08.png', '2017-11-21 00:00:00', '', 2),
(142, 'Señal QRL', '2596c2ed76fe8f961d84876a9c79f354.jpg', '2017-11-20 00:00:00', '', 2),
(143, 'Señal GAM', 'c79086dbaa708ab4faeaf45c465c97c5.jpg', '2017-11-21 00:00:00', '', 2),
(144, 'Señal BURST', 'dd16c8a180606dcdb03a92b0be7746f5.jpg', '2017-11-22 00:00:00', '', 2),
(145, 'Señal ZCL', 'e8cbd196a3b283c8f9a57f01d45c6922.jpg', '2017-11-22 00:00:00', '', 2),
(146, 'Señal DGB', '0f056e16333f6b7097c8242580cfa464.jpg', '2017-11-22 00:00:00', '', 2),
(147, 'Señal OK', 'a5e7898d90b454484ee3528416333c79.jpg', '2017-11-22 00:00:00', '', 2),
(148, 'Señal STRAT', '9a0f59be2f6dc75c63d1b0a0084c9c53.jpg', '2017-11-22 00:00:00', '', 2),
(149, 'Señal DCR', 'ccd55ee2effa3217dc89d76ff00f2bb9.jpg', '2017-11-22 00:00:00', '', 2),
(150, 'Señal NXS', 'ebace6012fb7a0e8e2939af1a3091550.jpg', '2017-11-22 00:00:00', '', 2),
(151, 'Señal ZEN', 'b6d5bf2aab9077d781cbc7074d33fd9d.jpg', '2017-11-22 00:00:00', '', 2),
(152, 'Señal HMQ', '4d96a969fe995afac23d7409c2c66ba3.jpg', '2017-11-20 00:00:00', '', 2),
(153, 'Señal GAME', 'e411ba938356c0310dc53d054b549cec.jpg', '2017-11-21 00:00:00', '', 2),
(154, 'señal MER', '556ff8e8ace0ae5f7deb0bf2a23dc79b.jpg', '2017-11-21 00:00:00', '', 2),
(155, 'señal TRST', '7d38fe01b3ccd3a951a0af6477786203.jpg', '2017-11-22 00:00:00', '', 2),
(156, 'señal ADA', 'bd52b129c01ece7300c43a3d5fa47ec6.jpg', '2017-11-23 00:00:00', '', 2),
(157, 'señal SYS', '5d961a14741d43b31a1acc61b526db3f.jpg', '2017-11-24 00:00:00', '', 2),
(159, 'señal QWARK', '52403337bbbcbba2b3db20a36efff6bb.jpg', '2017-11-25 00:00:00', '', 2),
(161, 'señal TRIG', 'fb60659906ec21d1f809f7aa7bb48a4e.jpg', '2017-11-25 00:00:00', '', 2),
(162, 'señal RDD', 'c35b64c1dc87d750da975b1a84c5a89c.jpg', '2017-11-27 00:00:00', '', 2),
(163, 'señal CLUB', '5884c17e108c5c2de1e7e59409182e80.jpg', '2017-11-27 00:00:00', '', 2),
(164, 'señal NXT', '9972cf3eadd7cd67ab6bb4b2eeb7a39c.jpg', '2017-11-27 00:00:00', '', 2),
(165, 'señal LSK', '10721170c24935792a46a76b8afb40c2.jpg', '2017-11-27 00:00:00', '', 2),
(166, 'señal GOLOS', '31fa12ba1a8636635cfc1ffa64e6253a.jpg', '2017-11-27 00:00:00', '', 2),
(167, 'señal OMG', 'e694cf40d632028e034f845a6f96f0ce.jpg', '2017-11-27 00:00:00', '', 2),
(168, 'señal FLO', '6211493d01c11493f7b560c725380d9c.jpg', '2017-11-28 00:00:00', '', 2),
(169, 'señal STRATIS', '50605e8a6f62fb07388f8345c85377d3.jpg', '2017-11-28 00:00:00', '', 2),
(170, 'señal STORJ', '3b5a558d044342b52e1156deb440c236.jpg', '2017-11-28 00:00:00', '', 2),
(171, 'señal XEM', '27ab702928d0f9845b9b138730d4a7e5.jpg', '2017-11-29 00:00:00', '', 2),
(172, 'señal RCN', 'd3f0db1ec668e5da99826ae4b1ec0a49.jpg', '2017-11-29 00:00:00', '', 2),
(173, 'señal LSK', '5b87f75c39320d91db0ad83cfaa178ac.jpg', '2017-11-29 00:00:00', '', 2),
(175, 'señal SHIFT', 'bde0cad88975db53a5462bdc6556ce71.jpg', '2017-11-30 00:00:00', '', 2),
(176, 'señal ETC', '83e144d421607edeb622f3890adf5ece.jpg', '2017-11-30 00:00:00', '', 2),
(177, 'señal WAVES', 'c74b8d4c34a23e6e3a975fa02a8265ff.jpg', '2017-11-30 00:00:00', '', 2),
(178, 'señal SC', 'bc90549a1fd1851d82cff0105efd1dc0.jpg', '2017-12-02 00:00:00', '', 2),
(179, 'señal PINK', '3c83efda93a18c4eda422c709f7575a3.jpg', '2017-12-02 00:00:00', '', 2),
(180, 'señal WAVES', '1e02c49c7a29f375c7924d2850381c5a.jpg', '2017-12-02 00:00:00', '', 2),
(181, 'señal SYS', '8cb56ce8870e13866e418d72d9dce1d7.jpg', '2017-12-03 00:00:00', '', 2),
(182, 'señal SYS', '8cb56ce8870e13866e418d72d9dce1d7.jpg', '2017-12-03 00:00:00', '', 2),
(183, 'señal SNGLS', '4988f1223a56b50df9a0245d6bd06c13.jpg', '2017-12-04 00:00:00', '', 2),
(185, 'Moneda MEME', '7ddc2ac73466788932748a5cec9e4ef3.jpg', '2017-12-20 00:00:00', '', 2),
(186, 'Moneda MEME', 'fa0ea8dd096a4e51ee254250a2459788.jpg', '2017-12-20 00:00:00', '', 2),
(187, 'Moneda HMQ', 'a534cfdd159b57c41d6234bdee0308dd.jpg', '2017-12-21 00:00:00', '', 2),
(188, 'Moneda OMG', '90c3233ffb4aaf1bdb8b0c7b27dbe72a.jpg', '2017-12-29 00:00:00', '', 2),
(189, 'Moneda ADA', '2c5b195e47cd09f0158989c45f6c662f.jpg', '2017-12-14 00:00:00', '', 2),
(191, 'Moneda DGB', '356d95265429ea3a5d6b9722d1627f9e.jpg', '2017-12-20 00:00:00', '', 2),
(192, 'Moneda DOGE', '165bcaee3e03d33fc8d960792e047ac6.jpg', '2017-12-20 00:00:00', '', 2),
(193, 'Moneda NXT', 'aceef69adbccd4fa9e7b865d1574fce3.jpg', '2017-12-20 00:00:00', '', 2),
(194, 'Moneda PWR', '67f4711fc6e3014839ec358368172d4c.jpg', '2017-12-17 00:00:00', '', 2),
(195, 'Moneda WAVES', '45a3be512b62393b2556d9eff6fcfa0a.jpg', '2017-12-20 00:00:00', '', 2),
(196, 'Moneda XRP', 'bf0b2cb236eda1713306fceea03cbc98.jpg', '2017-12-18 00:00:00', '', 2),
(197, 'Moneda UNB', '286434fb9532b2e47567913b90c52b4d.jpg', '2018-01-04 00:00:00', '', 2),
(198, 'Moneda KMD', 'b9bb99797b8d119eca90a75715f5a7a6.jpg', '2018-01-04 00:00:00', '', 2),
(199, 'Moneda SNT', 'c6a21bb9044144f32685f26fc7900bfa.jpg', '2018-01-04 00:00:00', '', 2),
(200, 'Moneda QTUM', '9d50e54f1039adaba151ef7ce99c896e.jpg', '2018-01-04 00:00:00', '', 2),
(201, 'Moneda IOP', 'be79e518047d1f593ae9d71a15f2bb9a.jpg', '2018-01-03 00:00:00', '', 2),
(203, 'Moneda VRM', '45cfa00e62bb218fe5c88bef8619d8aa.jpg', '2018-01-05 00:00:00', '', 2),
(204, 'Moneda RADS', '06f69e21b7fd9c0c897d2f6fa2d2763c.jpg', '2018-01-06 00:00:00', '', 2),
(205, 'Moneda XEM', '07fa9d0c645287eb56d8f1e1f82ab153.jpg', '2018-01-07 00:00:00', '', 2),
(207, 'Moneda ADX', 'ea5c728c12c92f213acd241b2189fec3.jpg', '2018-01-06 00:00:00', '', 2),
(208, 'Moneda SYS', '', '2018-01-06 00:00:00', '', 2),
(209, 'Moneda SYS', '29b506899835d9b0183fbd7c5a9972ca.jpg', '2018-01-06 00:00:00', '', 2),
(210, 'PAY ', '6eb9c4e25813fe128631ce16b452c47c.jpg', '2018-01-08 00:00:00', '', 2),
(211, 'Moneda: SEQ ', '1a72decee9c5e851dfc10ca6bae5db57.jpg', '2018-01-09 00:00:00', '', 2),
(212, 'Moneda 1ST ', 'f5e90b766c11a393d519fcbdbfe894f5.jpg', '2018-01-11 00:00:00', '', 2),
(213, 'Moneda ADT', '8732edd56e436761e7dd2e0ecd24333f.jpg', '2018-01-11 00:00:00', '', 2),
(214, 'Moneda CLOAK', 'fdb16856a2b17517717e7d675a8b40bc.jpg', '2018-01-11 00:00:00', '', 2),
(215, 'Moneda XMY', '52000352d3e9bbba80586bbb13950a2c.jpg', '2018-01-11 00:00:00', '', 2),
(216, 'Moneda ADT', '', '2018-01-11 00:00:00', '', 2),
(217, 'Moneda MUSIC', '', '2018-01-11 00:00:00', '', 2),
(218, 'Moneda BTC-ION', 'f0670083d79072bd026d4851b142a643.jpg', '2018-01-10 00:00:00', '', 2),
(219, 'Moneda NBT', 'd8f8782cf26067b1b16e800394afef57.jpg', '2018-01-14 00:00:00', '', 2),
(220, 'Moneda SC', '15413ddee14a3c7c68e67b1b3e3c0098.jpg', '2018-01-14 00:00:00', '', 2),
(222, 'Moneda SLS', '0bb22c4a4d3ae2ff725192ff5cf9329f.jpg', '2018-01-15 00:00:00', '', 2),
(223, 'Moneda DGB', 'e1c73320fe75ef59fc171a6a29bfda82.jpg', '2018-01-17 00:00:00', '', 2),
(224, 'Moneda PAY', '5276b6472a04af4d53fa32cbac923a36.jpg', '2018-01-17 00:00:00', '', 2),
(227, 'Moneda XLM', '8a9c61fc6d14b514054eef725df45234.jpg', '2018-01-17 00:00:00', '', 2),
(228, 'Moneda EBST', '5cb5baaac89c7b62df0e24f267b0d35d.jpg', '2018-01-18 00:00:00', '', 2),
(229, 'Moneda TRX', '6047c1050884fd44775bae0f275f7076.jpg', '2018-01-18 00:00:00', '', 2),
(230, 'Moneda ADA', '3e71243171ce4dac038a16b61526f96f.jpg', '2018-01-19 00:00:00', '', 2),
(231, 'Moneda DCT', '2729216c9ba02910d72a5879c039b39f.jpg', '2018-01-19 00:00:00', '', 2),
(232, 'Moneda VTR', '0cc390e69c4c42769960a678b2bd9b5b.jpg', '2018-01-19 00:00:00', '', 2),
(233, 'Moneda SC', 'dfcd36f6d63ac0c7b3fbf4295cca5b63.jpg', '2018-01-20 00:00:00', '', 2),
(234, 'Moneda ADA', '67a6566c3ada46d9d5e91336a08876d0.jpg', '2018-01-23 00:00:00', '', 2),
(235, 'Moneda ION ', '65cff90fca2c27609b6970b28cc98a64.jpg', '2018-01-24 00:00:00', '', 2),
(236, 'Moneda SEQ', '78d7ee0866d0a45955a1936882dd3abc.jpg', '2018-01-27 00:00:00', '', 2),
(237, 'Moneda HMQ', '98683ab8d52cbed8a143c87abdc95a5a.jpg', '2018-01-28 00:00:00', '', 2),
(238, 'Moneda HMQ', 'f04c13f9f81b6c190d7b4a620ca5375c.jpg', '2018-01-28 00:00:00', '', 2),
(239, 'Moneda IOP', 'f41bc7a74593374c29f0cf4c063d7e83.jpg', '2018-01-29 00:00:00', '', 2),
(240, 'Moneda ADA', '70e88e0a9ba5b5ead971aa302c027300.jpg', '2018-01-31 00:00:00', '', 2),
(241, 'Moneda DNT', 'beb9ce9018bc6ee0956c5d5ea5081953.jpg', '2018-01-31 00:00:00', '', 2);

-- --------------------------------------------------------

--
-- Estructura de tabla para la tabla `matriz`
--

CREATE TABLE IF NOT EXISTS `matriz` (
  `id_matriz` int(11) NOT NULL AUTO_INCREMENT,
  `id_usuario` int(11) NOT NULL,
  `completa` int(11) NOT NULL DEFAULT '0',
  `fecha` datetime NOT NULL DEFAULT CURRENT_TIMESTAMP,
  PRIMARY KEY (`id_matriz`),
  KEY `id_user` (`id_usuario`)
) ENGINE=InnoDB  DEFAULT CHARSET=latin1 AUTO_INCREMENT=43 ;

--
-- Volcado de datos para la tabla `matriz`
--

INSERT INTO `matriz` (`id_matriz`, `id_usuario`, `completa`, `fecha`) VALUES
(1, 1, 1, '2017-12-27 17:29:27'),
(2, 84, 1, '2017-12-27 17:29:27'),
(3, 225, 1, '2017-12-27 17:29:27'),
(4, 1, 1, '2017-12-27 17:29:27'),
(5, 272, 0, '2017-12-27 17:29:27'),
(6, 26, 1, '2017-12-27 17:29:27'),
(8, 282, 1, '2017-12-27 17:29:27'),
(9, 1, 1, '2017-12-27 17:29:27'),
(10, 227, 1, '2017-12-27 17:29:27'),
(11, 286, 0, '2017-12-27 17:29:27'),
(12, 84, 1, '2017-12-27 17:29:27'),
(13, 26, 1, '2017-12-27 17:29:27'),
(14, 258, 0, '2017-12-27 17:29:27'),
(15, 288, 0, '2017-12-27 17:29:27'),
(17, 284, 0, '2017-12-27 17:29:27'),
(18, 283, 0, '2017-12-27 17:29:27'),
(19, 282, 0, '2017-12-27 17:29:27'),
(20, 225, 1, '2017-12-27 17:29:27'),
(21, 1, 1, '2017-12-27 17:29:27'),
(22, 26, 0, '2017-12-27 17:29:27'),
(23, 278, 0, '2017-12-27 17:29:27'),
(24, 299, 0, '2017-12-27 17:29:27'),
(25, 84, 1, '2017-12-27 17:29:27'),
(26, 220, 0, '2018-01-05 13:19:00'),
(27, 1, 1, '2018-01-05 13:19:00'),
(28, 333, 0, '2018-01-10 14:51:28'),
(29, 84, 1, '2018-01-10 14:51:28'),
(30, 334, 0, '2018-01-11 11:14:28'),
(31, 338, 0, '2018-01-13 07:51:15'),
(32, 287, 0, '2018-01-13 07:52:18'),
(33, 225, 0, '2018-01-13 07:52:18'),
(34, 1, 1, '2018-01-13 07:52:18'),
(35, 346, 0, '2018-01-17 06:44:25'),
(36, 348, 0, '2018-01-17 10:44:52'),
(37, 340, 0, '2018-01-19 11:53:41'),
(38, 84, 0, '2018-01-19 11:53:41'),
(39, 1, 0, '2018-01-19 11:53:41'),
(40, 356, 0, '2018-01-23 13:27:16'),
(41, 353, 0, '2018-01-27 10:15:54'),
(42, 227, 0, '2018-01-27 10:15:54');

-- --------------------------------------------------------

--
-- Estructura de tabla para la tabla `matriz_relaciones`
--

CREATE TABLE IF NOT EXISTS `matriz_relaciones` (
  `id_relacion` int(11) NOT NULL AUTO_INCREMENT,
  `matriz_desde` int(11) NOT NULL,
  `matriz_hasta` int(11) NOT NULL,
  PRIMARY KEY (`id_relacion`),
  KEY `from` (`matriz_desde`),
  KEY `to` (`matriz_hasta`)
) ENGINE=InnoDB  DEFAULT CHARSET=latin1 AUTO_INCREMENT=41 ;

--
-- Volcado de datos para la tabla `matriz_relaciones`
--

INSERT INTO `matriz_relaciones` (`id_relacion`, `matriz_desde`, `matriz_hasta`) VALUES
(1, 2, 1),
(2, 3, 1),
(4, 5, 4),
(5, 6, 4),
(7, 8, 6),
(8, 10, 2),
(9, 11, 2),
(10, 12, 6),
(11, 13, 9),
(12, 14, 3),
(13, 15, 3),
(15, 17, 8),
(16, 18, 8),
(17, 19, 13),
(18, 20, 9),
(19, 21, 13),
(20, 22, 20),
(21, 23, 12),
(22, 24, 12),
(23, 25, 21),
(24, 26, 21),
(25, 27, 25),
(26, 28, 25),
(27, 29, 27),
(28, 30, 28),
(29, 31, 10),
(30, 32, 20),
(31, 33, 27),
(32, 34, 29),
(33, 35, 31),
(34, 36, 34),
(35, 37, 29),
(36, 38, 34),
(37, 39, 36),
(38, 40, 37),
(39, 41, 10),
(40, 42, 38);

-- --------------------------------------------------------

--
-- Estructura de tabla para la tabla `pagos`
--

CREATE TABLE IF NOT EXISTS `pagos` (
  `id_pago` int(11) NOT NULL AUTO_INCREMENT,
  `id_usuario` int(11) NOT NULL,
  `hash_id` varchar(255) NOT NULL,
  `fecha` datetime NOT NULL DEFAULT CURRENT_TIMESTAMP,
  PRIMARY KEY (`id_pago`),
  KEY `id_usuario` (`id_usuario`)
) ENGINE=InnoDB  DEFAULT CHARSET=latin1 AUTO_INCREMENT=6 ;

--
-- Volcado de datos para la tabla `pagos`
--

INSERT INTO `pagos` (`id_pago`, `id_usuario`, `hash_id`, `fecha`) VALUES
(2, 100, 'LMcGhuBwuNtKW65zvJirKNZLzZff7fJdDD', '2017-12-29 09:50:08'),
(3, 181, '03b3cbb52c190252a3c94d95c9a1666aa7a5f168a14ab767fc99de657a1181d5', '2018-01-08 20:19:23'),
(4, 356, '0b98bf6d5978e0b1b8c76ee5c0da39279b105089548b1ab2c6deab9bd0b6eacf', '2018-01-23 12:54:51'),
(5, 306, 'a5df004d2cf2d61092b1ea5b85d9361a5d2ae7319c133e3210fbbe1a901246a8', '2018-01-24 12:00:48');

-- --------------------------------------------------------

--
-- Estructura de tabla para la tabla `usuarios_data`
--

CREATE TABLE IF NOT EXISTS `usuarios_data` (
  `id_usuario` int(11) NOT NULL AUTO_INCREMENT,
  `id_persona` int(11) DEFAULT NULL,
  `usuario` varchar(50) NOT NULL,
  `password` varchar(100) NOT NULL,
  `referido` int(11) DEFAULT NULL,
  `tipo` int(11) NOT NULL DEFAULT '3',
  `pago` int(11) NOT NULL DEFAULT '0',
  `fecha_creacion` datetime NOT NULL DEFAULT CURRENT_TIMESTAMP,
  PRIMARY KEY (`id_usuario`),
  KEY `estado` (`pago`),
  KEY `id_persona` (`id_persona`)
) ENGINE=InnoDB  DEFAULT CHARSET=latin1 AUTO_INCREMENT=372 ;

--
-- Volcado de datos para la tabla `usuarios_data`
--

INSERT INTO `usuarios_data` (`id_usuario`, `id_persona`, `usuario`, `password`, `referido`, `tipo`, `pago`, `fecha_creacion`) VALUES
(1, 1, 'admin', '8e15b42720dc32789ab5801daaba67c1f22e5e4d', 1, 1, 1, '2017-09-10 14:20:39'),
(2, 2, 'rosalba', '0377c68d95ae56dc02f896e816f7f298f3fa725b', 1, 0, 0, '2017-09-10 15:52:24'),
(3, 3, 'veronica', '1b3711e1ca814ccd592c2ba013c10faebd8db7fd', 1, 0, 0, '2017-09-10 15:54:26'),
(4, 4, 'SI365', 'dbf0019ee2de8fc940d97a2aadab6143792ab265', 1, 0, 0, '2017-09-10 15:55:37'),
(5, 5, 'GanaDolares', '643333255dfb4096304eb2869466f5c9f274b415', 1, 0, 0, '2017-09-10 16:39:04'),
(6, 6, 'rosildu65', 'e0a4a87b98a86ac532b9ef2797b60baef9bf49c9', 2, 0, 0, '2017-09-10 16:40:14'),
(7, 7, 'rayodorado', '354939ef13850005acacdc951e28ac32613a526e', 6, 0, 0, '2017-09-10 16:40:51'),
(8, 8, 'leticia', '247b28b83d5d378fc3214c9f752af73bcc0e4a33', 2, 0, 0, '2017-09-10 16:54:19'),
(9, 9, 'lilietm', 'ee811c93b96185b154feac5a860f353a417c26bf', 8, 0, 0, '2017-09-10 16:56:48'),
(10, 10, 'beto1959', '644c0a5bb00a1993db9f784e33685d25af33f1c5', 2, 0, 0, '2017-09-10 17:00:30'),
(11, 11, 'juanito', '0da29c07c74a3e1edf8c3103f1a1b00fbe384ae0', 1, 0, 0, '2017-09-10 17:12:47'),
(12, 12, 'Nerucho', 'd27518b211a4de8cd2e3a89b5190dfd52ba8425a', 2, 0, 0, '2017-09-10 17:14:07'),
(13, 13, 'anibalo1000', 'd2ba71eedbd1e94f76319de6cbc5d93a6c87279c', 2, 0, 0, '2017-09-10 17:14:52'),
(14, 14, 'networker', 'd78f8f0a68f6a54d2559ef05092ca6c8ac99c32c', 2, 0, 0, '2017-09-10 17:41:29'),
(15, 15, 'diegoats', '5048e89e6f7fb57348e0a21edb0bfce897327e89', 5, 0, 0, '2017-09-10 17:58:06'),
(16, 16, 'Pbencomo', '1e7fa38af31af0f319070577b58adf388d0ed2cf', 2, 1, 1, '2017-09-10 18:04:46'),
(17, 17, 'alejandro', '02c389e2b7a2bd24cb77c545711144d8e0ef1f6b', 2, 0, 0, '2017-09-10 18:08:46'),
(18, 18, 'yudithglz', '09203fabd109ca71c3181f0c72d84b8b1613d510', 17, 0, 0, '2017-09-10 18:09:31'),
(19, 19, 'wilcar85', '368850b6c749c442dcd8303e3ad6bfa895a481f2', 16, 0, 0, '2017-09-10 18:10:06'),
(20, 20, 'Ivanxx', '68fdaaa4ee434c63fee252523d9341f7702f23c9', 2, 0, 0, '2017-09-10 18:10:42'),
(21, 21, 'Milam33', '2c48768b50e1d7ae16b69755b52267d25e059c12', 2, 0, 0, '2017-09-12 12:41:31'),
(22, 22, 'manuel', '476b28459c40aab35973999842ae98812dc90fff', 2, 0, 0, '2017-09-12 15:21:37'),
(23, 23, 'joseocana', '8cb673fa520e6ea7690438a7708e63a32c652eb0', 1, 0, 0, '2017-09-13 20:00:30'),
(24, 24, 'nenabit', '67ed40b09c281868ca257e167129c93bf32ebec4', 4, 0, 0, '2017-09-15 15:59:14'),
(25, 25, 'Demetrio', '7dddc25b1cf02f1fcf10483925cbc311571b8b59', 4, 0, 0, '2017-09-16 10:23:37'),
(26, 26, 'ganadineroconernesto', '771146925eb0101245fb23c1ca7a4e9033478e40', 1, 3, 1, '2017-09-16 23:06:08'),
(27, 27, 'mancruzc7', 'ae94ec59367aa606927712b2adc89b3d02aa58c6', 26, 0, 0, '2017-09-17 19:55:34'),
(28, 28, 'juvarelu', '44ffc816361e95711347abbae2cc75e8332b874a', 5, 0, 0, '2017-09-18 20:31:17'),
(29, 29, 'Magnus', 'e4348c9a922ce3ee4553e4b3571c9278c89cd31a', 26, 0, 0, '2017-09-22 21:47:16'),
(31, 31, 'trading', 'e03417cc245aa5d8fd1e32ba5a61e50ceb2ead59', 3, 0, 0, '2017-09-23 22:00:50'),
(32, 32, 'xJeralx', 'dd795af3122a25da6efc74d583acbfbdbec352ba', 26, 0, 0, '2017-09-25 05:47:22'),
(33, 33, 'oscarrivera', 'ff2fbd49a2ee26307488665dbdb1a4d5a4d866e8', 26, 0, 0, '2017-09-25 13:01:07'),
(34, 34, 'seresco2017', '90c4585d430c2a9d6c2488bdede15ed2730ce178', 26, 0, 0, '2017-09-25 18:22:52'),
(35, 35, 'keiber20', '9e50cdb0939a3cda4cd049178b0b9d1a8ff4dc03', 26, 0, 0, '2017-09-27 05:14:18'),
(36, 36, 'Deichab', '7639cfa6807337ed608ca2beb6627b62e02fcc53', 26, 0, 0, '2017-09-27 07:41:21'),
(37, 37, 'jarp25', 'f70193ab0cc872714701580184a18eb743ddbada', 26, 1, 1, '2017-09-27 12:39:41'),
(38, 38, 'YanMa', '9a1ca97985faca11be1f0284646bd264c123584e', 26, 0, 0, '2017-09-28 10:44:20'),
(39, 39, 'Alfredo', 'c2afc720166f0b611c1a37b8438ae985c6cd87d0', 4, 2, 1, '2017-09-28 14:50:15'),
(40, 40, 'Franciscoboix', 'b4c59eb21856c43e16af4444bdb030f534d61ef2', 26, 0, 0, '2017-09-28 17:17:10'),
(41, 41, 'gisy', 'a263ed950293501de8c850f9626eb9c6af66fedc', 26, 0, 0, '2017-09-28 18:49:03'),
(42, 42, 'Generemosriqueza', '1efb3bc2f6a3ad4996f24d1343234a21c707d4d9', 26, 0, 0, '2017-09-28 20:29:55'),
(43, 43, 'Dondinero', '2ffd5ccdb0f5dfe734d1843f4e3ff5a159f3e2ad', 26, 0, 0, '2017-09-28 23:09:20'),
(44, 44, 'joseaguero', '2e32e71c8b8a6a36acc113e61fcd6557b98a1a0d', 26, 0, 0, '2017-09-29 12:40:44'),
(45, 45, '05w412AT', 'eba019aac115bc2dd5cc77fc1fa31273d697140b', 26, 0, 0, '2017-09-29 13:58:00'),
(46, 46, 'Eduardo3426', 'b42c23edbd692e225cb7b3a94828e420c77fcb9c', 26, 0, 0, '2017-09-29 16:40:55'),
(47, 47, 'moralesnelson17@gmail.com', 'a8139ac2c371c4c4b9b1c8a91063c83893b894f7', 26, 0, 0, '2017-09-30 16:40:44'),
(48, 48, 'Jmorales1226', '474e9f431cae7d067040069526a71031ae71638c', 26, 0, 0, '2017-09-30 16:49:35'),
(49, 49, 'japr7001', 'b52b6b181055808fb3e13156d32a21fc04e72e20', 26, 0, 0, '2017-09-30 17:38:12'),
(50, 50, 'minercash', 'ced170c4dfcf9bd7663f8e535a681092edd62c2e', 1, 0, 0, '2017-10-01 07:30:33'),
(51, 51, 'sugey', '3759f75c605c85a1114763efc7e11e9d044424c2', 1, 1, 1, '2017-10-01 14:39:16'),
(52, 52, 'jeissonjyp', '62dccc9d931e3043129e4e86ea9f7b00643da1ca', 26, 0, 0, '2017-10-01 15:59:25'),
(53, 53, 'el ganador', 'ef85950ad3e6301bec3e72c71c2e35bb3d157c5d', 26, 0, 0, '2017-10-02 04:41:05'),
(54, 54, 'PedroAli', '08c5742cf317743443e7b29ff6365808a7aca6b7', 35, 0, 0, '2017-10-02 12:06:36'),
(55, 55, 'Ebermartinez', 'aa7d16f7e4bdcc3d23987db34a926027327c409d', 7, 0, 0, '2017-10-02 19:20:02'),
(56, 56, 'Furios', 'e2af46ad8034611d80e875e0c58f61cbf5a129b4', 26, 0, 1, '2017-10-03 04:16:38'),
(57, 57, 'DiegoUrrea26', '286e04acb949ea41cabd92ff33179060ec6661d7', 16, 0, 0, '2017-10-03 17:06:39'),
(58, 58, 'escalafrituncia', '1d14c6930bb23bdb9be33c0a13db501adb0bdd4d', 2, 0, 0, '2017-10-04 07:52:18'),
(59, 59, 'ALI KATAKI', '169d58e78f2b4394c60320958eb54504b5ea34e1', 26, 0, 0, '2017-10-04 16:28:07'),
(60, 60, 'oscarAWD', '2f5731eae7d308613411f4243e8aaed52ca27726', 26, 0, 0, '2017-10-05 09:38:20'),
(61, 61, 'prueba1', '4d694f0d8f73002ef78a337863179a43d808f323', 26, 0, 0, '2017-10-05 16:24:46'),
(62, 62, 'Deichabr', '308e2c8107ed40cfeb6a3577dbb19f8d75ccfb2e', 26, 0, 0, '2017-10-05 21:02:31'),
(63, 63, 'abnerpantoja', '3a1a5d974accd28e6194bbafbd482573f5e5a51a', 26, 0, 0, '2017-10-06 07:29:27'),
(64, 64, 'Eduardo', '4a104939725a17eb357d551c3ae5f7d5b960d040', 26, 0, 0, '2017-10-06 09:23:31'),
(65, 65, 'jll945', 'b960c87881d1bcc69fb0f2b015116152fe453ff6', 26, 0, 0, '2017-10-07 12:28:28'),
(66, 66, 'quaker25', '065aa5a61e1894be2a71531993fdb212a3951e68', 26, 0, 0, '2017-10-07 13:49:51'),
(67, 67, 'sjmarcano', '3a210d176ecfb7f894c520052a8e50e227b37f57', 26, 0, 0, '2017-10-08 04:59:22'),
(68, 68, 'rolas91', '65ac5f8fc3a0d6b2fe9222a850eddf265d0c9c05', 26, 0, 0, '2017-10-08 07:59:23'),
(69, 69, 'vardiaz', '6ae13bd0721e53554acce378a030574b4ebdc8a1', 26, 0, 0, '2017-10-09 15:48:50'),
(70, 70, 'kevinotalvaro', 'aa16184921b192229f2cfa3ca7848cf050d7524a', 1, 0, 0, '2017-10-09 19:38:32'),
(71, 71, 'michellotalvaro', 'e8cd7606b38a03a5c0f3ba59aa29e972dbfc5b88', 70, 0, 0, '2017-10-09 20:30:35'),
(72, 72, 'Vandan2000', '69b566aca3ceb5a8a4007099e61683dded8fb262', 26, 0, 0, '2017-10-09 20:40:40'),
(73, 73, 'Vicart', 'ad5a9f2ab504ee8d8d39cf8202d751c852508901', 1, 0, 0, '2017-10-09 22:58:41'),
(74, 74, 'lider01', '7f17f39e64d2e656a1b4847e27cc284080583e2c', 26, 0, 0, '2017-10-10 05:58:25'),
(75, 75, 'Oviel', '72c4f80331a905845e19ed4b79cdfdcb5adbb44f', 1, 0, 0, '2017-10-10 06:42:41'),
(76, 76, 'morpheus2017', 'e818a6154f8907a8b7235b5a7636fb0aabbef6ca', 74, 0, 0, '2017-10-10 06:44:35'),
(77, 77, 'Gelenis', 'b917fefa4588d5114a01effaf4879f8ec46102a0', 1, 1, 0, '2017-10-10 06:45:49'),
(78, 78, 'Yorling0409', 'a79992272f4e956a561c029a5c5409f289568e60', 26, 0, 0, '2017-10-10 07:35:22'),
(79, 79, 'Luis1975', 'addf52d96c4be807501d3ca9d3acb8d7e51fb699', 77, 0, 0, '2017-10-10 08:22:56'),
(80, 80, 'Alcon', 'da05279ead86127dbc4da4888369d938e35a24c7', 26, 0, 0, '2017-10-10 12:03:37'),
(81, 81, 'icapalmundo', '8997f2cb432afcad44ba1e650d7162d65eb1f4d2', 26, 0, 0, '2017-10-10 12:22:27'),
(82, 82, 'graterol', '6bc67312dd6a7439a221486c2b68f140e2068754', 26, 0, 0, '2017-10-10 18:30:28'),
(83, 83, 'jcarlosnetworker', '3dde9e6dafebbd7b5196ba8e10a9699f66122da8', 26, 0, 0, '2017-10-11 05:27:20'),
(84, 84, 'tantrico', '0e31d79efe8de24ea6fd86841d3293c261569ee3', 1, 3, 1, '2017-10-11 06:50:28'),
(85, 85, 'udelmonte', '530c3124774184ca5cc0ef80b8b9668d619baa7f', 26, 0, 0, '2017-10-11 17:47:08'),
(86, 86, 'GDelVecchio', '74d1d66ea4c997ebab6e103e9554190a6af42f14', 26, 0, 0, '2017-10-11 19:41:00'),
(87, 87, 'aldemaro', '398ab72923eb4563c8e33fe691de1ca0b3bae4d2', 26, 0, 0, '2017-10-12 11:11:45'),
(88, 88, 'Luisj', 'edd2f2411f25cf1fe1a1fec488ae64e9da963535', 56, 0, 0, '2017-10-12 11:52:14'),
(89, 89, 'orlagerman', '32cfbd47b6f7bf1763325af7e3d291c133686669', 26, 0, 0, '2017-10-12 13:02:48'),
(90, 90, 'yasmil8', '29278534c388a10ddec1237e41f644ad4401a2ef', 1, 0, 0, '2017-10-12 19:49:46'),
(91, 91, 'proempresaer', 'fd4b972c9ccbdd5caf0f84dff7afed7f3059af50', 26, 0, 0, '2017-10-12 19:57:20'),
(92, 92, 'cuauhtemocmoga', '5f5f14679c38dd0f8eb90304da55134e3f9c2a5b', 1, 0, 0, '2017-10-12 20:08:03'),
(93, 93, 'manuelmaita', 'f496cf60ba05490b0f0bda6cdc9869cceb8633fd', 26, 0, 0, '2017-10-12 21:57:25'),
(94, 94, 'trekker00', '6c75f9ed87f6e91baf771bc3741c77664cf8fdc2', 93, 0, 0, '2017-10-13 06:48:22'),
(95, 95, 'ODRA', '18d968be8f71db9b1974f1c1420f7e573bba0878', 94, 0, 0, '2017-10-13 06:51:17'),
(96, 96, 'eleonardohr', '1d5c486ba1471f51f8170424f277b94b0d3417b1', 93, 0, 0, '2017-10-13 19:32:48'),
(97, 97, 'samuelks1', '9568fa900b022b4d89067f8d1b049b6a4859b29a', 1, 0, 0, '2017-10-15 16:58:19'),
(98, 98, 'adrialis', 'd117340094fd954be968c15192867b96ce4234cc', 33, 0, 0, '2017-10-15 20:19:57'),
(99, 99, 'osmerj', 'ee8af15ab4d96f084351c61345ee24ca940a4e0d', 26, 0, 1, '2017-10-15 22:06:44'),
(100, 100, 'Liangely', '8091231d1a1fe475d41de27bb0f6ba8f90fa1156', 1, 1, 1, '2017-10-16 07:33:16'),
(101, 101, 'zalasarr', '97010738ca28c189d6dd3bee9185df4bf5d26bfa', 16, 0, 0, '2017-10-16 10:40:10'),
(102, 102, 'yhon20', '9e50cdb0939a3cda4cd049178b0b9d1a8ff4dc03', 35, 0, 0, '2017-10-16 14:29:26'),
(103, 103, 'cuernavacaking', 'd862952f88c498e04898edc54188e7c4c54b0a93', 1, 0, 0, '2017-10-17 13:13:44'),
(104, 104, 'Barretober', '5653d79d121ae47e16de687eccd007ebbaea11ed', 56, 0, 0, '2017-10-18 13:15:30'),
(105, 105, 'jimpg', '548270f71d663283f240698e72c1244a69aac0d8', 1, 0, 0, '2017-10-18 19:55:18'),
(106, 106, 'yimer53', 'a72e04855fedb255ba1d647840f117298e62bc5e', 1, 0, 0, '2017-10-19 19:14:08'),
(107, 107, 'Abelrdz73', '502f1788deffa27bbfe51b50934e1b197527e072', 102, 0, 0, '2017-10-19 19:44:37'),
(108, 108, 'wilimen', '34fd490ccd338b1a8bd2636fa43f5fa492f0f012', 1, 0, 0, '2017-10-19 20:37:46'),
(109, 109, 'harlinson99', 'c9093f9c78124c5f75a8b45b7457dbfbc5d51c0d', 1, 0, 0, '2017-10-20 09:56:21'),
(110, 110, 'elcrackderap', '4e7e6606168046d2c328d3422b1adeed372b5582', 1, 0, 0, '2017-10-21 18:07:02'),
(111, 111, 'abel.rdz73', '502f1788deffa27bbfe51b50934e1b197527e072', 1, 0, 0, '2017-10-21 18:18:07'),
(112, 112, 'miltonbits', '268e0bb2a364d246556c4509e3c3d53336611778', 1, 0, 0, '2017-10-21 20:47:16'),
(113, 113, 'LEDO1990', 'd8e5cf1b419582d50e01a7f7d00a131ee52e0e94', 26, 0, 0, '2017-10-22 05:44:34'),
(114, 114, 'GT ROKER', 'f4bc0af2845fbc81dcd186af0019c58b92576408', 1, 0, 0, '2017-10-22 06:35:31'),
(115, 115, 'leotest', '6e220fb43e488db5469cc10f261e01db2370408a', 1, 0, 0, '2017-10-23 06:23:04'),
(116, 116, 'wall2', 'dbf3f10d663782a92cf6b55204722d4e4283ce32', 26, 2, 1, '2017-10-24 05:48:42'),
(117, 117, 'Curivitas', '69dfdca7210565348cc26fe8359504906891330f', 99, 0, 0, '2017-10-24 06:58:02'),
(118, 118, 'MarlonBTC', 'dce4bc188325668c6f6c2af84759a37e6d681d49', 1, 0, 0, '2017-10-24 08:05:00'),
(119, 119, 'chelo', '3af4b317aeffd5daa1f68b9521e31eb5bd724a25', 104, 0, 0, '2017-10-24 08:37:32'),
(120, 120, 'abel.trading73@gmail.com', '502f1788deffa27bbfe51b50934e1b197527e072', 1, 0, 0, '2017-10-24 14:46:01'),
(121, 121, 'criscamong', '08b9a5f7848cafac2b46d973755b9adc34fcd358', 104, 0, 0, '2017-10-24 19:30:14'),
(122, 122, 'hacid30', 'ffa81d881f8c4bae31eb3427f597b8bb41ff0103', 70, 0, 0, '2017-10-25 15:09:08'),
(123, 123, 'oribest', 'cbc249b82edb71ced6e34b041aac4d8ee9fa0f8c', 100, 0, 0, '2017-10-25 15:56:34'),
(124, 124, 'juanjos.e', 'd9521d062d747c3f7dec684202b4d4e947445127', 123, 0, 0, '2017-10-25 16:09:41'),
(125, 125, 'siervodedios245', 'd610768455565d033c43f048fab6ac271b894e39', 116, 0, 0, '2017-10-25 21:02:16'),
(126, 126, 'melsius', 'bdf6318367f4667a026473b96898df1976a03635', 116, 0, 0, '2017-10-26 10:00:41'),
(127, 127, 'tatto', 'b0941d36ee52cf1ee394f972245229152dd9b045', 26, 0, 0, '2017-10-26 10:37:47'),
(128, 128, 'gerardo', 'b0941d36ee52cf1ee394f972245229152dd9b045', 26, 2, 1, '2017-10-26 10:47:36'),
(129, 129, 'Emiliano77=', '9cf10f42c8c530f518ea24ba5c3117e3d7540336', 1, 0, 0, '2017-10-27 05:08:17'),
(130, 130, 'ranger370', 'e96552b7bae55adb0627b51cb69ca5b5f75e1282', 116, 0, 0, '2017-10-27 08:22:56'),
(131, 131, 'Albino77', '6c484871547f908568684e24400fa1927ab1d2ad', 104, 0, 0, '2017-10-27 13:11:18'),
(132, 132, 'Mary vargas', '227555e0c75efd754a47b7c20dbe929a50fcdfc1', 4, 0, 0, '2017-10-27 15:56:22'),
(133, 133, 'CARLOSBW', '4d883e07dad0c812a75f65f1c45bb60fee8b5a9c', 1, 0, 0, '2017-10-28 01:26:50'),
(134, 134, 'paola13', 'c3c1077c42d824447d3c729b418e536674462cc2', 128, 0, 0, '2017-10-28 08:55:14'),
(135, 135, 'carloscarrillo', 'cf309b350bb33c112a85f939c51b157d2e31dd12', 50, 0, 0, '2017-10-28 20:27:45'),
(136, 136, 'tovar21', '29540bd3b53a295583cf882fc6b254ebb4738b22', 26, 0, 0, '2017-10-29 11:02:18'),
(137, 137, 'saxvil', 'ef2cd9a4567f5ff862ad3452aecdd1e4abaaa8b6', 1, 2, 1, '2017-10-29 13:17:49'),
(138, 138, 'minerchef', 'f9b6930115c825b9929e6948e0c537637d4ba5f1', 26, 0, 0, '2017-10-29 15:01:02'),
(139, 139, 'gleivis', '4a4edb9ddc9d25f20250fcfb8e8bb3c4846f03d3', 138, 0, 0, '2017-10-29 15:04:34'),
(140, 140, 'AWDthunder', 'cf309b350bb33c112a85f939c51b157d2e31dd12', 26, 0, 0, '2017-10-29 15:18:33'),
(141, 141, 'freitesjeanc', 'f4dfd5363bba90dc9277018e43ad950fa8de4d54', 26, 0, 0, '2017-10-29 18:54:16'),
(142, 142, 'GabrielsCedeno', '5b485020cb196fc10268b5a617a3229498a06e70', 138, 0, 0, '2017-10-29 20:55:55'),
(143, 143, 'Alberto39', '05973072122a2846b9113ae6df9a94dde2754581', 1, 0, 0, '2017-10-31 03:04:19'),
(144, 144, 'cardiague', '446feec2937c202e9fba1ec8a823efee6d020f16', 27, 0, 0, '2017-10-31 04:32:04'),
(145, 145, 'dayanaalvarez1987', '29bcd6c449fd20c17482f915f5197e812f7933b3', 12, 0, 0, '2017-10-31 10:43:24'),
(146, 146, 'criptoinka', '35e9dbb84da067fcc6b9aeae63f4f28770610dbf', 15, 0, 0, '2017-10-31 18:40:38'),
(147, 147, 'dios20', '84aa70281c1dd2b6840f165bf271c58e940b01bc', 39, 0, 0, '2017-11-01 15:46:12'),
(148, 148, 'eljf03', 'c83745d19c916017283cde126ee3e5c1aacf9cfc', 51, 0, 0, '2017-11-01 16:47:02'),
(149, 149, 'Ifecase', '667acbdf058e058c9260cf64507f90114acc86a4', 1, 0, 0, '2017-11-01 19:48:51'),
(150, 150, 'Elipuruguay', '2c1441df463319789c47e9688f52e795423eff8b', 116, 0, 0, '2017-11-02 13:13:51'),
(151, 151, 'flexor', '2188b4954562e6a42ac38fae22534205bfd8dd50', 1, 0, 0, '2017-11-02 13:28:18'),
(152, 152, 'andres90rios', '138cf6b6ac732a2a5f6867ecab87ac8fc0d798d6', 26, 0, 0, '2017-11-02 18:02:35'),
(153, 153, 'elalex27', '45686924ed4b6d2fd05a3fc46e99ec1ec89f2b48', 27, 0, 0, '2017-11-03 08:43:24'),
(154, 154, 'QuieroBitcoin', 'ab553fc31489b1d2a89431566896dade829474a0', 26, 0, 0, '2017-11-04 06:17:09'),
(155, 155, 'rommerhp', '168505a9b07e42f57154ed12a6aa24f9b2634c96', 150, 0, 0, '2017-11-04 08:22:46'),
(156, 156, 'Rosa44272', '4cf6661551ec6c9491740e978ce0597722bf761a', 155, 0, 0, '2017-11-04 08:41:15'),
(157, 157, 'maglis0210', '168505a9b07e42f57154ed12a6aa24f9b2634c96', 155, 0, 0, '2017-11-04 11:04:45'),
(158, 158, 'placer2', 'e113e9b190601dc2f263afe1cbde28b65b2abce8', 12, 0, 0, '2017-11-05 06:19:57'),
(159, 159, 'caldo', 'b99a04a6a4ec17660fa4aadb8511531558a8d36b', 1, 0, 0, '2017-11-05 14:51:43'),
(160, 160, 'Alessfato', '0aac9f65d0579d37d9c77c904ffe453a9f311380', 83, 0, 0, '2017-11-05 16:12:21'),
(161, 161, 'robermun', '23cb9d7fc89c566292729dcef70cd1caf227c230', 1, 0, 0, '2017-11-06 09:05:52'),
(162, 162, 'Angelo250277', '168505a9b07e42f57154ed12a6aa24f9b2634c96', 155, 0, 0, '2017-11-06 18:01:52'),
(163, 163, 'gabyplaza', 'c6c42176bbcb4d815a05bcaef39818fe69f97a58', 41, 0, 0, '2017-11-06 22:12:05'),
(164, 164, 'Oscarmpb', '3d4769bdea982b644b9691f9cbbc58bdb2d59d67', 1, 0, 0, '2017-11-07 19:59:58'),
(165, 165, 'Jack3000', 'e498bb3fa000b8865482ac6f76cb2f578e4435c0', 3, 0, 0, '2017-11-07 20:08:26'),
(166, 166, 'LUISPUBLI', '1443e5dcf805df449d9c484e4fcd36d86fb8059b', 83, 0, 0, '2017-11-08 13:23:31'),
(167, 167, 'mrcarlos38', 'b22fc940dc7032fba859d0ce5355d66c82d9ce36', 116, 0, 0, '2017-11-08 17:57:46'),
(168, 168, 'Omalarle', '537d21a83a25374ff708f455670bd0272735b67f', 39, 0, 0, '2017-11-08 20:59:47'),
(169, 169, 'edwin25', 'eed5f9eb2b609f1be452d00d449c336e3ebf9679', 1, 0, 0, '2017-11-09 05:30:36'),
(170, 170, 'ronal78', '6f15024593be326bd002d97f6ca08ed607eec0db', 1, 2, 1, '2017-11-09 21:24:59'),
(171, 171, 'Yens06', 'da6bcce80cc834c40bbd53117835c8e12e28a2ed', 1, 0, 0, '2017-11-10 19:04:26'),
(172, 172, 'companybit', '2612cd2ba05d903ad5acfa9f82f486fc0448efaf', 87, 0, 0, '2017-11-10 19:47:17'),
(173, 173, 'Juancho', 'c6ea2ba4757e1ad142b73a5b30f31f6faa802a4b', 45, 0, 0, '2017-11-11 01:40:27'),
(174, 174, 'israelp76', '660bdacccffbcfbe7c13f75759fd4ed1040c235d', 89, 0, 0, '2017-11-12 13:25:41'),
(175, 175, 'mcvalera', 'd7170a47b45fcdd07d1454578a5df3dd9e66c157', 89, 0, 0, '2017-11-12 14:33:12'),
(176, 176, 'Rosales98', '7db174a086bf53e6cb743014bd9b24339347ecfa', 1, 0, 0, '2017-11-13 22:56:38'),
(177, 177, 'TITA', '0a653e4c25fa910a31b3ba7614a84d6f5a562a35', 89, 0, 0, '2017-11-14 11:31:28'),
(178, 178, 'mana', '824c5947636bff25276e949849446b78f1fa940b', 1, 0, 0, '2017-11-14 16:56:16'),
(179, 179, 'edwing', '297fde7701a7f7f4f5d032700ad8a73df64b51d8', 1, 0, 0, '2017-11-14 20:00:27'),
(180, 180, 'ELLIOOTH', 'ee8a61d8bfa467379412e36e49bd3da20f65e60b', 89, 0, 0, '2017-11-15 07:53:20'),
(181, 181, 'toby24', 'b83153b74d6cdb5b4a98a78e74ab2dfe71657a4e', 116, 0, 1, '2017-11-15 14:40:42'),
(182, 182, 'Antony1981', '581ec8e7db5656dea5b0908d9883f91a4fd90b29', 1, 0, 0, '2017-11-15 15:12:17'),
(183, 183, 'Smile', 'e22001d95d03df9785611be0621446efc837c8d4', 181, 0, 0, '2017-11-15 15:50:35'),
(184, 184, 'ALopez01', 'ccf3d9b2817df7bb95deee9f78cfc74adafa6ea0', 1, 0, 0, '2017-11-15 17:11:23'),
(185, 185, 'AbimaelG', '2e9857285cc3a7bd5d385a75de694209372e3f1e', 116, 0, 0, '2017-11-15 19:17:03'),
(186, 186, 'Retamoce', 'f80642312ce43aa5befe1114fa09b52f9044e23e', 172, 0, 0, '2017-11-15 20:05:37'),
(187, 187, 'Angelito', '2a079c4996bed796fb93abb7caf2419c0bed46ac', 116, 0, 0, '2017-11-16 15:53:49'),
(188, 188, 'luis547', '534307a8705bb7b6be98c368e09238f011667a7f', 26, 0, 0, '2017-11-16 19:18:23'),
(189, 189, 'Enyermate12', '1953d74f5a3f89029bddf65e3016c522ed010ae1', 12, 0, 0, '2017-11-17 06:08:51'),
(190, 190, 'jesusalizolol', 'fb6a852b2dc33a20c9e91d990fc5b8afd16bc789', 189, 0, 0, '2017-11-17 09:33:48'),
(191, 191, 'Juanabelen', '00c5fecd1b4022a529dafccaf1036b1dde97daee', 26, 0, 0, '2017-11-17 17:02:04'),
(192, 192, 'wakaflokaflame', '69af02bbcdc5b6a07a1b7136d4c40ff3b6728aba', 116, 0, 0, '2017-11-17 19:41:31'),
(193, 193, 'asdasd', '73d43263b6df410fd71577eed87c185bfa5b7052', 1, 0, 0, '2017-11-18 13:18:26'),
(194, 194, 'jmontero2', 'e5c5e1e4a4f0911e23ab79ce1a153520598bef5e', 7, 0, 0, '2017-11-19 10:34:00'),
(195, 195, 'andrelatina', 'd4f2c2e69d11179db053fa6e4672082d0fb771a0', 12, 0, 0, '2017-11-19 11:26:15'),
(196, 196, 'Saravia', '8817e9b68715e08b5bc9ca8b1d08e10b4b2a3ffa', 116, 2, 1, '2017-11-19 23:51:05'),
(197, 197, 'hawerk98', '60e502fc5b8bb6a41430bd8db8652ca6c77dd2a3', 1, 2, 1, '2017-11-21 08:00:03'),
(198, 198, 'Trader007', 'c74abb44d7e80c6c61768ad8314bc3af8979f435', 1, 2, 1, '2017-11-21 17:34:25'),
(199, 199, 'albin1995', '5e34b838c9fbc0e06bbe873e9afc17f834f58c22', 197, 0, 0, '2017-11-21 17:34:59'),
(200, 200, 'jmcdivvee@gmail.com', '330ca74b559a2708a2cb79fb7b843a9c4380ff17', 1, 0, 0, '2017-11-21 19:00:44'),
(201, 201, 'Juancafex30', '50bdd70f7f4b1d00bf5b5893e56d530b79a8c3e9', 1, 0, 0, '2017-11-21 19:39:11'),
(202, 202, 'falcon123', '33107483e06430bf0441cd057dd590754eaafc34', 116, 0, 0, '2017-11-21 21:06:13'),
(203, 203, 'cmalla33', '64d621e7611b62ddc396024b3cf3ad571cf6e137', 84, 0, 1, '2017-11-22 06:34:36'),
(204, 204, 'divininoso@gmail.com', '1d9f597bf79832fcb8d81bcfa52cb0d55cee1d72', 1, 0, 0, '2017-11-23 04:53:21'),
(205, 205, 'maleja', 'a9a5182c8e1a3d09ecf5373889cfddede7d0f1b4', 116, 0, 0, '2017-11-23 14:55:45'),
(206, 206, 'alex', '844589620963f34e6412939c36fb573c35a27720', 205, 0, 0, '2017-11-23 16:43:35'),
(207, 207, 'erland1', '4536299301113f660fddd2fc5442b97f2ff5864d', 196, 0, 0, '2017-11-24 02:32:10'),
(208, 208, 'YOSOYCASTA', '02fc00a0cf500b7efab25c2b5f184dd204251c56', 1, 0, 1, '2017-11-25 17:00:59'),
(209, 209, 'jparias', '977939cc2728e2ceeb6dc6aac66c2e3a73799e55', 1, 0, 0, '2017-11-26 12:40:14'),
(210, 210, 'jonedicar@hotmail.com', '608d07f1fecc243371ec3495faf8697aa00c3452', 1, 0, 0, '2017-11-27 13:56:09'),
(211, 211, 'TatiDT', '1350fce4b2aa44325caedeac5c4a3464e748c798', 146, 0, 0, '2017-11-27 20:32:27'),
(212, 212, 'arovi197585', '49f0d1273aea5de662279f4cf6e641be5bb12c6b', 26, 0, 0, '2017-11-28 12:40:12'),
(213, 213, 'Cristiandevia', 'ad4c87a887c67f7ccc3404301ab8eb75bfa17594', 137, 0, 0, '2017-11-28 20:17:22'),
(214, 214, 'argenis93', '80664860cde05eb81a9b12a08485a25e71f71a99', 1, 0, 0, '2017-11-28 20:22:27'),
(215, 215, 'LeiberMosquera', '62cb66596d1fbaa7a6e0a525a30f79b1aeeff062', 137, 0, 0, '2017-11-29 19:16:24'),
(216, 216, 'diego devia', '96afd8075160405d939e57a6f54a26261632fb6e', 213, 0, 0, '2017-11-29 20:23:35'),
(217, 217, 'ctrade06', 'd1034d0af28d107e799ecdbd06168fc100195a4a', 26, 0, 0, '2017-11-29 20:55:49'),
(218, 218, 'Byron19803', 'c9dfce17af97cfe121c26912db7b031477cbea15', 172, 0, 1, '2017-11-30 06:25:49'),
(219, 219, 'CTL', 'ba704a85bcb4dae9356f5988372d437d5c9e449e', 12, 0, 0, '2017-11-30 18:46:26'),
(220, 220, 'gblanco', '460081ca0c1db28c211dec2301bf69dac5dc7800', 1, 3, 1, '2017-11-30 19:03:04'),
(221, 221, 'hector930419', '199f373bf27cbb7d935aed92047b67ab756eceed', 1, 0, 1, '2017-12-01 13:20:10'),
(222, 222, 'Mariago', '4e3b536a9027991b0ac747d9f23591152f3dccd3', 84, 2, 1, '2017-12-02 15:00:06'),
(223, 223, 'Robert79', '712742b98570c883257dfec482e864f4d9eccb8a', 84, 0, 0, '2017-12-02 15:00:24'),
(224, 224, 'Diamantecorona', '49cca7151fff2703fea3c24fdf27f105793167c8', 84, 0, 0, '2017-12-02 15:09:26'),
(225, 225, 'claribel', '0e31d79efe8de24ea6fd86841d3293c261569ee3', 1, 3, 1, '2017-12-02 16:54:20'),
(226, 226, 'Zafiro6113', '35c7cd319ca1228dbf50b5ef9963b46d4dd3538a', 84, 0, 0, '2017-12-02 19:25:51'),
(227, 227, 'ambar01', 'a18083be580b70a97d9da0b004f179bab55f784c', 84, 3, 1, '2017-12-02 21:23:29'),
(228, 228, 'Megaman', 'f889ee99c2fb57da8fab86c9d8baf1e2dfb2f6a2', 224, 0, 0, '2017-12-03 05:05:01'),
(230, 231, 'AlirioJoseJimenezRodriguez1817998274908379', 'ed0feda91d87dd1d83f912b3814c7c2259236f3d', 1, 0, 0, '2017-12-04 16:07:55'),
(231, 232, 'ErnestoRodriguez10215751164081050', 'ad75c07c4f80dad8869f4d3411711eb3562e4721', 1, 0, 0, '2017-12-04 16:11:44'),
(232, 233, 'antonio.sallustio@gmail.com', 'd2cf3be10c9a7923cbc51e48506b824e8706c79a', 1, 0, 0, '2017-12-04 17:44:17'),
(233, 234, 'Chrisgdg', 'a033f6fdb17714168e4bbe028d139ab226f8cf93', 7, 0, 0, '2017-12-04 18:21:32'),
(234, 235, 'Marcos1879', 'caeb2fc529d24a664b3a79543a302034ada3c6cb', 1, 0, 0, '2017-12-04 21:25:17'),
(235, 236, 'fstorres', 'dd088d0e5fb409f0f2360412e03392c0c443082e', 1, 0, 1, '2017-12-04 22:27:32'),
(236, 237, 'walgallego', 'ac06e462215731ec223a8a80cf8da23dcf5dacf0', 1, 0, 1, '2017-12-04 22:31:35'),
(237, 238, 'josegsnunes', 'eaacdaef61289d49fc6cd5823c838b4e669c2043', 116, 0, 0, '2017-12-05 06:08:41'),
(238, 239, 'cdangels', '375720198cfb7e621c5ab405073e46da0647b14e', 116, 0, 0, '2017-12-05 06:13:05'),
(239, 240, 'Angturu', 'b49074486909b65f81d6171e1a4803d05a1a4e7c', 116, 0, 0, '2017-12-05 07:07:42'),
(240, 241, 'cuentaplaystorejp', 'd13a8f13d6628f1b7c3f809b0c19732e7fe541e8', 7, 0, 0, '2017-12-05 07:08:41'),
(241, 242, 'Nico1811', '525feef39dbedea2ff1881f45a91370ede949f74', 1, 0, 0, '2017-12-05 16:12:00'),
(242, 243, 'riddick', '90a7653b87f4447d47db2d4f7bcaa790c298f9ff', 1, 0, 1, '2017-12-05 18:35:20'),
(243, 244, 'Alberthjump', 'c47adcce0479b5de4ceef10f48c1dfb6c1c0f10d', 169, 0, 0, '2017-12-06 00:54:02'),
(244, 245, 'tiki178$', 'd826300884b35e68d8ccfee88c86226cae383013', 1, 0, 0, '2017-12-06 04:20:04'),
(245, 246, 'Eduaardop', '7c0471b919c89aae4b6a93521120cf4b05237298', 1, 0, 0, '2017-12-06 22:18:21'),
(246, 247, 'Rasputin88', '08b9f028b122964d893d5406cae18c069243ee35', 1, 0, 0, '2017-12-06 22:38:27'),
(247, 248, 'muskelkillen', '8cf30e4c5b4cf9cde0ccd0e1e1886e34da3b6be1', 137, 0, 1, '2017-12-07 11:53:26'),
(248, 249, 'JoseJesusAstudilloYale1973364432912960', '323a1e73e2bad4a9f0cf3ee91c0425f04730271d', 237, 0, 0, '2017-12-07 13:53:26'),
(249, 250, 'Asjesus', 'c8beea1a7008ad4c83a7e38240bfb60f13019e89', 1, 0, 0, '2017-12-07 13:56:43'),
(250, 251, 'SugeyReyes1632719180127730', 'c89b5127f4ad003f8925837fcc7561d057af87f6', 1, 0, 0, '2017-12-07 14:17:38'),
(251, 252, 'luis96ibarra', 'c9e0f5dde84352122d22b8574a3f160fd0183da0', 1, 0, 0, '2017-12-07 16:05:53'),
(252, 253, 'jmdigitalmoney', 'ebdae383447ed4cf0a730a80a72d87362bc30ef7', 1, 0, 1, '2017-12-07 16:36:12'),
(253, 254, 'Josemluzardom', '056d1f754862781acb630ec6dc066a84cba4f097', 1, 0, 0, '2017-12-07 19:37:53'),
(254, 255, 'bytomas98', 'd92e47fbfb6aa01c5f783dea1ef75fd7b79a3d56', 99, 0, 1, '2017-12-07 21:54:11'),
(255, 256, 'Paolacc', '6c02445b257bc0a97e0ba32ff9e4ffcb9d12fda5', 169, 0, 0, '2017-12-08 12:11:15'),
(256, 257, 'JUANCAMILLONARIO', 'b6f0f9ec0782db272058186c97fd81a7db90124b', 26, 0, 1, '2017-12-08 18:45:48'),
(257, 258, 'Antonio Rincon', 'b5370566c8a4835058b21bd1b9293e70018f3072', 76, 0, 0, '2017-12-08 19:04:11'),
(258, 259, 'aipedromorales', 'b2b4de4d1c364435e19ff91efd1a07a2d3aded02', 84, 2, 1, '2017-12-09 06:18:41'),
(259, 260, 'CARLOS JOSE', 'da65531bb7630b0b28b1adc9a55e8c49be61d7ad', 226, 0, 0, '2017-12-10 10:28:35'),
(260, 261, 'cmolina2018', 'd5f25e3fdcdfdbd693df1053747ba75a4e65c72c', 84, 2, 1, '2017-12-10 10:58:24'),
(261, 262, 'cmella33', '64d621e7611b62ddc396024b3cf3ad571cf6e137', 1, 2, 1, '2017-12-10 11:07:43'),
(262, 263, 'lucioramirez', 'e429a1f875cfc95a146ff16786fb33a5e09573bf', 137, 0, 0, '2017-12-10 23:57:28'),
(263, 264, 'SEVE58', '99934d1998654d78c14a61e4c17deba33ffd3434', 99, 0, 0, '2017-12-11 15:59:17'),
(264, 265, 'REDBTC', '35d9b1c5739cefd97ef855e77aa1b9126fc42743', 84, 2, 1, '2017-12-12 09:56:15'),
(265, 266, 'johnnybitcoin', 'ef768fa3741da3005c9646719b00b83b53dabb86', 264, 0, 0, '2017-12-12 10:05:14'),
(266, 267, 'nelsito1', '4c61f579041d6fab6decb0bd3f771e3399a0d3c3', 26, 0, 0, '2017-12-12 11:49:20'),
(267, 268, 'Julioc', '73d43263b6df410fd71577eed87c185bfa5b7052', 84, 2, 1, '2017-12-13 03:51:28'),
(268, 269, 'hawell', '708d8d37aea4d7ee9181909aef5c572c7a00012f', 84, 2, 1, '2017-12-13 03:54:20'),
(269, 270, 'menny', '73d43263b6df410fd71577eed87c185bfa5b7052', 84, 2, 1, '2017-12-13 10:36:22'),
(270, 271, 'perla', '73d43263b6df410fd71577eed87c185bfa5b7052', 84, 2, 1, '2017-12-14 11:09:17'),
(271, 272, 'eurobitmec', 'c20ccfab387b7620a328dccb0ce46ceef92d4329', 1, 0, 0, '2017-12-14 17:08:16'),
(272, 273, 'veryeasy', 'e5f0d34776ea260558e7dfcd52640ca6d80c377e', 1, 3, 1, '2017-12-14 20:28:38'),
(273, 274, 'klatuuh', 'b4b8ca0745c4659cdef5b78ee59a077115f695de', 1, 0, 0, '2017-12-15 21:14:47'),
(274, 275, 'Jack34', '6806ee72db0813c36030a96936d81d262333c1e3', 111, 0, 0, '2017-12-16 05:05:48'),
(275, 276, 'comunidadvip', '9dc58d2f4833e28ab153ab6790d69563fb76c1c0', 266, 0, 0, '2017-12-18 08:13:38'),
(276, 277, 'Rasputin1901', '2d57817dc114de1b1461a47048be8bc5cc313b7f', 1, 2, 1, '2017-12-19 11:13:18'),
(277, 278, 'iTheBOSSx', '6a8f18e91096aa5d406624f97d30d161b9d3ea1f', 254, 0, 0, '2017-12-20 13:28:16'),
(278, 279, 'Robertoac2012', 'd99e49f17cfe16ce75dfe9516d3d39ee4708d757', 84, 2, 1, '2017-12-21 03:04:41'),
(279, 280, 'djxavi2014', '81ebbd64d200a85ef441664b9eb0cf43397c61aa', 26, 3, 1, '2017-12-21 10:06:39'),
(280, 281, 'arturo17', '9d77be4468c1652a2f42c5c43ccb542630fadbcc', 272, 3, 0, '2017-12-21 21:35:27'),
(281, 282, 'arturo017', 'd37b074314c9c046bb5faa27bf6771332d0eb8d1', 1, 3, 0, '2017-12-22 13:24:44'),
(282, 283, 'companybitgo', '5948a3b9ef8722a009d24f4fb67deca0fa1b2c15', 26, 2, 1, '2017-12-22 17:43:35'),
(283, 284, 'diamondaca', '7e121d4c50e05ef4d4745266252814bb3e1822a7', 282, 3, 1, '2017-12-22 19:13:23'),
(284, 285, 'FidelPC', '6b0e8e481546859f08c276bed403d4f826f08f5a', 282, 3, 1, '2017-12-22 19:19:16'),
(285, 286, 'LuisErnestoMonrroy813184055530915', '7b65717b229ec3e9a264768a87b0400137a576d6', 283, 3, 0, '2017-12-22 20:29:18'),
(286, 287, 'luther23', '73d43263b6df410fd71577eed87c185bfa5b7052', 84, 3, 1, '2017-12-22 22:43:28'),
(287, 288, 'Leord', 'ab1cf5270d202cb89af173596d1fb44273738644', 225, 3, 1, '2017-12-22 22:48:03'),
(288, 289, 'seferino', 'bec68ab413ee7454f8579d87b4898978d0168696', 225, 3, 1, '2017-12-23 06:10:56'),
(289, 290, 'StivHino10159650481615702', '83145309f7c838ba5027158fc0bff755eb8cafc2', 1, 3, 0, '2017-12-23 18:27:39'),
(290, 291, 'baldemar', 'ff3eafc58a88dec235a4c42eb938a34080e6351a', 284, 3, 0, '2017-12-23 20:13:49'),
(291, 292, 'AdrianAlvarez538887109837393', '15902865879c3bea7d9bf9f4c0da4629fbdc7d58', 1, 3, 0, '2017-12-24 11:55:19'),
(292, 293, 'jose8585', 'cf79bba7dc92146e985375063f80f2da3de97ada', 284, 3, 0, '2017-12-24 17:49:12'),
(293, 294, 'frank', '7a3dad8f6ab4f956bc05588036511a6b99d60bc6', 84, 3, 0, '2017-12-25 06:36:17'),
(294, 295, 'EpeniBot', '175b7b33d73a48c5aa1fd64d2b56da881c6d39a2', 26, 3, 0, '2017-12-25 11:33:08'),
(295, 296, 'C Falcones', '20b7f5377306680e2910f2839aad722830b14c04', 284, 3, 0, '2017-12-26 19:07:38'),
(296, 297, 'Thefreusa602', '96d6374a3e30fb9f01032f2e65e04a7ffcf352d4', 284, 3, 0, '2017-12-26 20:38:52'),
(297, 298, 'jdfb94', '881b64d914dfd4bdc1d1ca1da56db32d154c721e', 26, 3, 0, '2017-12-26 22:17:25'),
(298, 299, 'abepad', '123456', 284, 3, 0, '2017-12-27 08:03:51'),
(299, 300, 'joel', '73d43263b6df410fd71577eed87c185bfa5b7052', 84, 3, 1, '2017-12-27 15:33:03'),
(300, 301, 'Olgahenao371', 'c2b8c5c2d75255ecbf345b938c1729ac33da956e', 298, 3, 0, '2017-12-30 06:38:32'),
(301, 302, 'enrimaster2', '87e93bec4b584f96ee99d40aa38c5b93fe55cd22', 26, 3, 0, '2018-01-01 10:58:32'),
(302, 303, 'CarlosChirinos1671654716213803', '2401b38e24befaaf3ccfa55355f670c4c789671e', 1, 3, 0, '2018-01-01 15:48:16'),
(303, 304, 'prueba2', '99fe955ea9d8ec09869ea203185e4e1a01fd05ea', 1, 3, 0, '2018-01-01 15:54:02'),
(304, 305, 'cryptodiva', '190df7e4507bc090b037f47e63a7ad9a6d5f40cc', 272, 3, 0, '2018-01-02 02:14:50'),
(305, 306, 'LCREYES', 'cb95bfcec46ea358f0546005b420edbedc4753f6', 51, 2, 1, '2018-01-02 12:45:29'),
(306, 307, 'morena23', '4c3e33d004c734a51f4af19619fae976d5d085ce', 281, 3, 1, '2018-01-02 19:38:42'),
(307, 308, 'GlenJhonCarranzaSánchez1618672664918373', 'fab93013cfe9aa00e5d91dd9c3bfafede74fe548', 1, 3, 0, '2018-01-02 22:27:35'),
(308, 309, 'debymg', '84c4903f744908ebc202aef12dc417a0e15dd765', 99, 3, 0, '2018-01-04 13:32:34'),
(309, 310, 'PatyChavez982846781869450', 'dc81c965dcee25150bc0a93c444fe76b11405178', 1, 3, 0, '2018-01-04 14:54:12'),
(310, 311, 'RokerGT1612824032110362', 'ae534f9cbba5609b2ae258b54025a358ce5638ce', 1, 3, 0, '2018-01-04 19:43:29'),
(311, 312, 'AdrianoLaucer1601491446611156', '0a5075a463a4434240978c3b1cd1ed7510d7a402', 1, 3, 0, '2018-01-04 20:12:12'),
(312, 313, 'alcisegovia', 'b1af403f0ba33e18829be36c22c8d6f6709c466e', 1, 1, 1, '2018-01-05 09:30:01'),
(313, 314, 'ElJuanCaa10155833355366826', '680de2d085131deb490ffa403f0613db42f0fd0a', 1, 3, 0, '2018-01-05 10:20:57'),
(314, 315, 'mario1972', '87a6bf9f580a5cd62355d890d6831ad0dccc0780', 306, 3, 0, '2018-01-05 14:28:16'),
(315, 316, 'Ettore5k', '4c1a7b87f1055243f6794ebcd6ad6c23ba01173a', 2, 3, 0, '2018-01-05 17:03:12'),
(316, 317, 'Rbteam', 'cd6114c36333e202c7a215d80280068c5c2ef449', 1, 3, 0, '2018-01-05 19:44:31'),
(317, 318, 'GT_ROKER34', 'ae534f9cbba5609b2ae258b54025a358ce5638ce', 1, 3, 0, '2018-01-05 21:23:15'),
(318, 319, 'Javier', 'f89c54bca221d53c530976c241625c8cd10c3601', 1, 3, 0, '2018-01-05 23:04:52'),
(319, 320, 'edwinpq71', '58a06fb1a339fa8ac9f00de61a188636d10a053c', 282, 3, 0, '2018-01-06 05:35:08'),
(320, 321, 'Doriscc', 'b0a11ada40b0b21bf949fd6024058554268da207', 1, 3, 0, '2018-01-06 23:11:20'),
(321, 322, 'giovanoti1', '22a7869e61d134612e9825a27b8ca2f70a6d057c', 1, 2, 1, '2018-01-06 23:15:10'),
(322, 323, 'PAOLA_56', 'e8427aa4b312f0ba99f1831d03bcb4fd005d6b12', 196, 3, 0, '2018-01-07 12:22:54'),
(323, 324, 'Anel', 'c5f92bff86c0d485498306f039f339c171da8897', 196, 3, 0, '2018-01-07 12:50:33'),
(324, 325, 'Jgjuancho', '0869659345fcec508358756133f235367e6334a3', 1, 2, 1, '2018-01-07 15:08:40'),
(325, 326, 'ErwinQM', '52f4a78e968c63b8179572dfc78d9b02b043a996', 123, 3, 0, '2018-01-08 15:34:51'),
(326, 327, 'juanjdiaz89', '9b9bd2a53dc9a0441ea88f36117a9afb7cdb54c4', 99, 3, 0, '2018-01-08 19:29:43'),
(327, 328, 'JohnD', '52e1b050754580141f82442b411d45bc3536bb18', 220, 3, 0, '2018-01-08 19:59:59'),
(328, 329, 'Abcbolivia', '207709fcefb3e196d237c2645da6d12e680e5035', 26, 3, 0, '2018-01-09 11:01:30'),
(329, 330, 'guillen72', '8bc031d505bf14f6f45a61c88cd9e217f0924b6c', 282, 3, 0, '2018-01-09 15:55:32'),
(330, 331, 'Fenix100', '2fa68552ffea15d64349165ea47dcf09f3e2380d', 282, 3, 0, '2018-01-09 16:31:36'),
(331, 332, 'javier1605', 'e0459bc1b9db5067ad37ab3c374145c8283eb21f', 9, 3, 0, '2018-01-09 20:00:37'),
(332, 333, 'RolyPeñarandaCamacho10210585776704036', 'cea58c3c8fc79b3cf30a03d70d0280e2f8ae140b', 1, 3, 0, '2018-01-10 05:20:11'),
(333, 334, 'energypower', '9303e78b924af264b6cacc03fe3a0c79d2761a4f', 84, 3, 1, '2018-01-10 14:45:09'),
(334, 335, 'cmolina2019', '73d43263b6df410fd71577eed87c185bfa5b7052', 333, 3, 1, '2018-01-11 11:12:47'),
(335, 336, 'andredpichardo@gmail.com', 'a642cb01cf77345fca04097091ca53213b822c4f', 56, 3, 0, '2018-01-11 11:14:58'),
(336, 337, 'Juliocd', '73d43263b6df410fd71577eed87c185bfa5b7052', 286, 3, 0, '2018-01-12 07:00:09'),
(337, 338, 'JorgeAlvarez546792115681359', '3efba3425e838b604eb7264359588573ef6e0f33', 1, 3, 0, '2018-01-12 18:13:45'),
(338, 339, 'soymoneda01', 'c50ca5d9edd8036777951a8736bcf9a9ce770d62', 227, 3, 1, '2018-01-12 20:49:12'),
(339, 340, 'jhoshua1144', '29eb7a9628d92d453540c631355b2e6d21c14e72', 1, 3, 0, '2018-01-12 21:16:57'),
(340, 341, 'pedromorales', 'b2b4de4d1c364435e19ff91efd1a07a2d3aded02', 84, 3, 1, '2018-01-13 04:36:32'),
(341, 342, 'anderle', '3bd932f37a227cd23e59b207e97afcedbf489685', 282, 3, 0, '2018-01-13 10:33:48'),
(342, 343, 'DANNY', 'cd1122919fc43a75937562a1c4a1928e4ee8a255', 1, 3, 0, '2018-01-13 15:25:11'),
(343, 344, 'ASUN29', 'f75839dbb0c63e3ce29db9df582dad3eca78f788', 26, 3, 0, '2018-01-15 14:29:48'),
(344, 345, 'Ralphmasoud', 'df39c3057e3a1d2fa39a248f23c23769df4bf9de', 1, 3, 0, '2018-01-15 22:22:44'),
(345, 346, 'Armandito28', '650da60a816d72309ea3d4141a0ebe265dfb98d6', 338, 3, 0, '2018-01-16 04:36:08'),
(346, 347, 'ettore', '73d43263b6df410fd71577eed87c185bfa5b7052', 338, 3, 1, '2018-01-16 17:32:54'),
(347, 348, 'snake1234', '73d43263b6df410fd71577eed87c185bfa5b7052', 1, 3, 0, '2018-01-17 10:29:14'),
(348, 349, 'Marvin98', 'a8825d89f7f1eb98561d68fe958fa75c567e6da8', 1, 3, 1, '2018-01-17 10:31:32'),
(349, 350, 'dnieves', '3cfb5609250fee4c154b1d52636b224ec4a94f6c', 1, 3, 0, '2018-01-17 10:41:08'),
(350, 351, 'eparedes', 'f304f4ac2d622331ec48b4a4aa555fa73fd74ed2', 338, 3, 0, '2018-01-17 21:11:46'),
(351, 352, 'Amacias', 'bb1ca81f790cdf3de5a14fbbdf3d5108d986e449', 1, 3, 0, '2018-01-20 19:37:53'),
(352, 353, 'FranciscoAntonioTrinidadMedina1676122752408433', '1c348b7677c328c91037a4bcfd64016ac7916b22', 1, 3, 0, '2018-01-22 09:16:08'),
(353, 354, 'zafiro6114', 'abf94fff3ebb55232d79a6c5f1df922c84c978f7', 227, 3, 1, '2018-01-22 12:35:08'),
(354, 355, 'Roger28', '1bff664c032161035e26b83f58eff9d3228a9c1d', 272, 3, 0, '2018-01-23 07:58:01'),
(355, 356, 'prueba', '2cd21630bf658120ab05c8a7c293d5a9270cecaf', 349, 3, 0, '2018-01-23 10:42:18'),
(356, 357, 'globalworkteam', '4bf856a5d38cd052cc9d6395ddfacc10c86c6d29', 340, 3, 1, '2018-01-23 12:48:41'),
(357, 358, 'ivanml1978', '9774cf898bfb1c0be3f356b55798aef47358c3d1', 283, 3, 0, '2018-01-24 02:10:40'),
(358, 359, 'danielhrodriguez', '0082220538a8e861ce60ae1fd5c9507ccaea4095', 1, 3, 0, '2018-01-24 15:52:35'),
(359, 360, 'colonmbiano', 'e71a8018d28d4036d6e4568e895a6919edba8295', 1, 3, 0, '2018-01-24 16:43:44'),
(360, 361, 'osanchezt', '4cfd120d2fbec282f257634079d16ba580280d2f', 12, 3, 0, '2018-01-25 12:41:29'),
(361, 362, 'Leanon', '11df632a16fb73e9dd6d1ce64b7d97e08f771a2a', 348, 3, 0, '2018-01-26 05:52:45'),
(362, 363, 'Tico', 'de0f8a9a9a2bf5b4f7e68046b91b24992e6f3f01', 341, 3, 0, '2018-01-27 13:11:58'),
(363, 364, 'armandoescobar', '61ff87f5dffebf3bde579470ee10f9e54c593056', 1, 3, 0, '2018-01-28 20:32:15'),
(364, 365, 'negociosvip', '35998fecaa72cb47f5b173c371b03818fcf44a2f', 272, 3, 0, '2018-01-30 02:41:46'),
(365, 366, 'Juank', 'ca70c2bfe4c4e435b8b45602183936a6a72f848e', 116, 3, 0, '2018-01-30 12:53:59'),
(366, 367, 'Eleggua87', 'dab651ed7b8eb81cb98ce292cbc952cfc9bb2e8d', 111, 3, 0, '2018-01-30 13:39:20'),
(367, 368, 'marabest3', 'ddd463a663656df85832f5dc533a9d5f5d81463b', 1, 3, 0, '2018-02-01 07:57:34'),
(368, 369, 'JoelRay1993760824282025', '59d1268e0dde9b78afdea5ea3d7689fe4ebab967', 1, 3, 0, '2018-02-01 17:46:05'),
(369, 370, 'freddy4636', '855d0c2d3bfda25ed94b17cc92901a0add5dbda6', 1, 2, 1, '2018-02-02 18:16:07'),
(370, 371, 'blueprofix', '393b64abee2fc9bff99aa7bce8ac1341d6a2c056', 1, 3, 0, '2018-02-04 11:47:25'),
(371, 372, 'sdfdsf', '66dcd6bf8e10cadc1d372696539fea4e94736610', 1, 3, 0, '2018-02-04 12:59:40');

-- --------------------------------------------------------

--
-- Estructura de tabla para la tabla `usuarios_personas`
--

CREATE TABLE IF NOT EXISTS `usuarios_personas` (
  `id_persona` int(11) NOT NULL AUTO_INCREMENT,
  `nombre` varchar(50) NOT NULL,
  `apellido` varchar(50) NOT NULL,
  `fecha_nacimiento` datetime DEFAULT CURRENT_TIMESTAMP,
  `telefono` varchar(50) DEFAULT NULL,
  `wallet_btc` varchar(100) DEFAULT NULL,
  `wallet_ltc` varchar(100) DEFAULT NULL,
  `wallet_bth` varchar(100) DEFAULT NULL,
  `imagen` varchar(100) DEFAULT 'usuario_default.png',
  `email` varchar(50) DEFAULT NULL,
  PRIMARY KEY (`id_persona`)
) ENGINE=InnoDB  DEFAULT CHARSET=latin1 AUTO_INCREMENT=373 ;

--
-- Volcado de datos para la tabla `usuarios_personas`
--

INSERT INTO `usuarios_personas` (`id_persona`, `nombre`, `apellido`, `fecha_nacimiento`, `telefono`, `wallet_btc`, `wallet_ltc`, `wallet_bth`, `imagen`, `email`) VALUES
(1, 'Adrian', 'Alvarez', NULL, NULL, '', NULL, NULL, '8aecff0000640be6eeb5529c70f3680a.jpg', 'jimenezleonardop2@gmail.com'),
(2, 'Rosalba', 'Pineda', NULL, NULL, '', NULL, NULL, 'usuario_default.png', 'rosalba@opciontucasa.com'),
(3, 'Veronica', 'Hernandez', NULL, NULL, '', NULL, NULL, 'usuario_default.png', 'veroaz55@gmail.com'),
(4, 'Jorge', 'Polanco', NULL, '3106426829', '1BUCrFKTbsm5ekWyCNjHAkrcizio4Z84EC', NULL, NULL, 'usuario_default.png', 'superingresos365@gmail.com'),
(5, 'Jose', 'LP', NULL, NULL, '33otfQXW9i3eW27eUegEay7MhNeHdbYZeS', NULL, NULL, '90d31d72e040c82159e93489f1a40772.png', 'joselp@academiadetradring.com'),
(6, 'Rosa', 'Duque', NULL, NULL, '1Pc1j78YhmVnwiY3FCNn8mUYY5GCVDfxdp', NULL, NULL, 'usuario_default.png', 'rsilviad@gmail.com'),
(7, 'Blanca', 'Espitia', NULL, NULL, '', NULL, NULL, 'usuario_default.png', 'ganadores2752@gmail.com'),
(8, 'Leticia', 'Adalid', NULL, NULL, '', NULL, NULL, 'usuario_default.png', 'leticia@academiadetradring.com'),
(9, 'Lilian', 'Borroto', NULL, NULL, '', NULL, NULL, 'usuario_default.png', 'lilymercy2012@gmail.com'),
(10, 'Jorge', 'Arias', NULL, NULL, '', NULL, NULL, 'usuario_default.png', 'artesgraficastulua@hotmail.com'),
(11, 'Norberto', 'Hardy', NULL, NULL, '', NULL, NULL, 'usuario_default.png', 'onlineinversiones@gmail.com'),
(12, 'Angel', 'Fiordelmondo', NULL, NULL, '', NULL, NULL, 'usuario_default.png', 'afiordelmondo@gmail.com'),
(13, 'Anibal', 'Orellana', NULL, NULL, '', NULL, NULL, 'usuario_default.png', 'anibalcieloazul@gmail.com'),
(14, 'Luis', 'Rodriguez', NULL, NULL, '', NULL, NULL, 'usuario_default.png', 'luisrgam@gmail.com'),
(15, 'Diego', 'Trujillo', NULL, NULL, '', NULL, NULL, 'usuario_default.png', 'diegoats19@gmail.com'),
(16, 'Pedro', 'Bencomo', NULL, NULL, '', NULL, NULL, 'usuario_default.png', 'pbencomo34@gmail.com'),
(17, 'Alejandro', 'Izazaga', NULL, NULL, '', NULL, NULL, 'usuario_default.png', 'alejandro@tuacademiadetradring.com'),
(18, 'Yudith ', 'Gonzalez', NULL, NULL, '', NULL, NULL, 'usuario_default.png', 'yudith.glz.soto@gmail.com'),
(19, 'Adrian', 'Cubillos ', NULL, NULL, '', NULL, NULL, 'usuario_default.png', 'adriiancubiillos22@gmail.com'),
(20, 'Ivan', 'De Bernardo Corral', NULL, NULL, '', NULL, NULL, 'usuario_default.png', 'airecam@gmail.com'),
(21, 'Maximino', 'Rodríguez', NULL, NULL, '', NULL, NULL, 'usuario_default.png', 'maximino@academiadetradring.com'),
(22, 'Manuel', 'Vargas', NULL, NULL, '36PzesmQXpfgzbnbtb7ZFH9ao6h1rKgfpJ', NULL, NULL, 'usuario_default.png', 'manuel@gmail.com'),
(23, 'JOSE LUIS', 'OCAÑA RAMIREZ', NULL, NULL, '', NULL, NULL, 'usuario_default.png', 'joseocanar@hotmail.com'),
(24, 'Paola', 'Romo', NULL, NULL, '', NULL, NULL, 'usuario_default.png', 'rom06pao@gmail.com'),
(25, 'Demetrio ', 'Aguilar ', NULL, NULL, '', NULL, NULL, 'usuario_default.png', 'demetrioaguilar45@gmail.com'),
(26, 'Ernesto ', 'Rodriguez', NULL, NULL, '1J8PbtkRiwReLJkPotyfRLwTaFzdW3mFbC', 'LLf2RMf6qPLdg1Hte6y5KVcf29AGFsopst', NULL, 'fbeac3d006e1cc16afd65e9712d7fb44.jpg', 'ganadineroconernesto@gmail.com'),
(27, 'Manuel', 'Cruz', NULL, NULL, '', NULL, NULL, 'usuario_default.png', 'mancruzc7@gmail.com'),
(28, 'Juan Luis', 'Vazquez Renteria', '2017-09-18 20:30:46', NULL, '', NULL, NULL, 'usuario_default.png', 'lvrjuan@gmail.com'),
(29, 'Iván E', 'Novelo', NULL, NULL, '', NULL, NULL, 'usuario_default.png', 'seriousgold777@gmail.com'),
(31, 'Ernesto', 'Olvera Rueda', NULL, NULL, '', NULL, NULL, 'usuario_default.png', 'ernestoolverarueda@gmail.com'),
(32, 'Jeral', 'Rojas', NULL, NULL, '', NULL, NULL, 'usuario_default.png', 'DupredCastillo123@gmail.com'),
(33, 'oscare', 'rivera', NULL, NULL, '', NULL, NULL, 'usuario_default.png', 'oscarrivera851@hotmail.com'),
(34, 'sergio', 'restrepo', NULL, NULL, '', NULL, NULL, 'usuario_default.png', 'seresco201234@gmail.com'),
(35, 'keiber', 'velasquez', NULL, NULL, '', NULL, NULL, 'b7abf7648587278e3f6425ffd123feec.jpg', 'keiber925@gmail.com'),
(36, 'Deiber ', 'Chacon', NULL, NULL, '', NULL, NULL, 'usuario_default.png', 'corrales_deiber@hotmail.com'),
(37, 'anibal ', 'rondon', NULL, NULL, '', NULL, NULL, 'usuario_default.png', 'emprendeonline17@gmail.com'),
(38, 'Yan Manuel', 'Gonzalez ', NULL, NULL, '', NULL, NULL, 'usuario_default.png', 'yanmanuel@gmail.con'),
(39, 'Alfredo ', 'Gutierrez Uzcanga ', NULL, '1(360)773-5078', 'uzcangaafredo@gmail.com', NULL, NULL, 'usuario_default.png', 'uzcangaalfredo@gmail.com'),
(40, 'Francisco', 'Silva', NULL, NULL, '', NULL, NULL, 'usuario_default.png', 'FranciscoLeonardosilvar1@gmail.com'),
(41, 'Giselle', 'Hurtado', NULL, NULL, '', NULL, NULL, 'usuario_default.png', 'gisy280710@gmail.com'),
(42, 'Jairo ', 'Perez', NULL, NULL, '', NULL, NULL, 'usuario_default.png', 'generemosriqueza@gmail.com'),
(43, 'Fernando ', 'Zambrana ', NULL, NULL, '', NULL, NULL, 'usuario_default.png', 'frenitos15.93@gmail.com'),
(44, 'José', 'Agüero', NULL, NULL, '', NULL, NULL, 'usuario_default.png', '7joseaguero@gmail.com'),
(45, 'Oswaldo', 'Cañizales', NULL, NULL, '', NULL, NULL, 'usuario_default.png', 'criptominerove@gmail.com'),
(46, 'Eduardo pascual ', 'Morales cruz', NULL, NULL, '', NULL, NULL, 'usuario_default.png', 'morales310398@gmail.com'),
(47, 'Nelson', 'Morales', NULL, NULL, '', NULL, NULL, 'usuario_default.png', 'Moralesnelson17@gmail.com'),
(48, 'Jasmine', 'Morales', NULL, NULL, '', NULL, NULL, 'usuario_default.png', 'moralejasmine623@gmail.com'),
(49, 'jose arcadio', 'prato remolina', NULL, NULL, '', NULL, NULL, 'usuario_default.png', 'arcadiojapr@gmail.com'),
(50, 'Leandro', 'Lucena', NULL, NULL, '', NULL, NULL, 'usuario_default.png', 'infominercash@gmail.com'),
(51, 'Sugey', 'Reyes', NULL, NULL, '', NULL, NULL, 'usuario_default.png', 'rsugey1rosa@gmail.com'),
(52, 'Jeisson', 'Yndriago', NULL, NULL, '', NULL, NULL, 'usuario_default.png', 'takumifujuwara5597@gmail.com'),
(53, 'jose luis', 'rosales davila', NULL, '5804146344055', '1KaVyKPTFtUJW6gaGN3rRqKNf2Y9KShJCh', NULL, NULL, '62ea01b2c7fb36f72c91a9404a5c9b8c.jpg', 'joseroda833@gmail.com'),
(54, 'Pedro', 'Orellana', NULL, NULL, '', NULL, NULL, 'usuario_default.png', 'pedroaliorellana@gmail.com'),
(55, 'Eber', 'Martinez ', NULL, NULL, '', NULL, NULL, '267a5748ecf5151f5eef8231ac3123d6.png', 'eberwidl@gmail.com'),
(56, 'Bernardo', 'Barreto', NULL, '+584264423703', '158aZNdS1FKDvzekZNtf5w6Gi1VkGTVVij', NULL, NULL, 'usuario_default.png', 'Dinerober7@gmail.com'),
(57, 'Diego Fernando', 'Urrea Medina', NULL, NULL, '', NULL, NULL, 'usuario_default.png', 'diegourrea26@gmail.com'),
(58, 'Jonathan', 'Gonzalez Sosa', NULL, NULL, '', NULL, NULL, 'usuario_default.png', 'escalafrituncia85@gmail.com'),
(59, 'ALI', 'VAZQUEZ', NULL, NULL, '33FsDcH2QrXdUxrX5HiioxkurZZJfR4bSS', NULL, NULL, 'usuario_default.png', 'alivasquez2011@gmail.com'),
(60, 'Oscar', 'Valles', NULL, NULL, '', NULL, NULL, 'usuario_default.png', 'jacobdegron13@gmail.com'),
(61, 'ernesto ', 'paez', NULL, NULL, '', NULL, NULL, 'usuario_default.png', 'ernyled1920@gmail.com'),
(62, 'Deiber ', 'Chacon', NULL, NULL, '', NULL, NULL, 'usuario_default.png', 'curso_teorico@hotmail.com'),
(63, 'abner', 'pantoja', NULL, NULL, '', NULL, NULL, 'usuario_default.png', 'abnerpantoja@gmail.com'),
(64, 'Eduardo', 'Ariza Calixto', NULL, NULL, '', NULL, NULL, 'usuario_default.png', 'arizacalixtoeduardo@gmail.com'),
(65, 'Jose Luis', 'Lopez', NULL, '5492262510280', '', NULL, NULL, 'usuario_default.png', 'jll061945@gmail.com'),
(66, 'JAVIER', 'RAMIREZ', NULL, NULL, '', NULL, NULL, 'usuario_default.png', 'vendorfraces@gmail.com'),
(67, 'salvador', 'marcano', NULL, NULL, '', NULL, NULL, 'usuario_default.png', 'sjmarcano@hotmail.com'),
(68, 'Rolando', 'Sanchez', NULL, NULL, '', NULL, NULL, 'usuario_default.png', 'rsanchezbaltodano@gmail.com'),
(69, 'Francisco Javier', 'Diaz', NULL, NULL, '', NULL, NULL, 'usuario_default.png', 'vardiaznegocios@gmail.com'),
(70, 'kevin', 'otalvaro', NULL, NULL, '', NULL, NULL, 'usuario_default.png', 'kevin.tu.p@gmail.com'),
(71, 'michell', 'otalvaro', NULL, NULL, '', NULL, NULL, 'usuario_default.png', 'michellotalvaro@hotmail.com'),
(72, 'Cristian ', 'Rojas ', NULL, NULL, '14TpghZUSbXoUbJKCjJPVVGzQnT8P4eeAT', NULL, NULL, 'usuario_default.png', 'cv337373@gmail.com'),
(73, 'Vic', 'Arteaga', NULL, NULL, '', NULL, NULL, 'usuario_default.png', 'victorFIVE15@gmail.com'),
(74, 'Pablo', 'garcia', NULL, NULL, '', NULL, NULL, 'usuario_default.png', 'robertonline01@gmail.com'),
(75, 'Oviel', 'Mendoza Guerrero', NULL, NULL, '', NULL, NULL, 'usuario_default.png', 'oviel.mg@gmail.com'),
(76, 'Antonio ', 'Javier Dishmey', NULL, NULL, '', NULL, NULL, 'usuario_default.png', 'antoniojavier69@gmail.com'),
(77, 'Gerson ', 'Fernandez lenis', NULL, NULL, '', NULL, NULL, 'usuario_default.png', 'gersonlenis@gmail.com'),
(78, 'Yorling dayana ', 'Medina zamora ', NULL, NULL, '', NULL, NULL, 'usuario_default.png', 'yorlingmedinaz@hotmail.com'),
(79, 'Luis', 'Escobar', NULL, NULL, '', NULL, NULL, 'usuario_default.png', 'arlesgomes80@gmail.com'),
(80, 'Mario Antonio', 'Coello Garcia', NULL, NULL, '', NULL, NULL, '9963055e061cc217cf9efad9724a7f14.png', 'mariocoello5@gmail.com'),
(81, 'ABEL', 'CANALES M.', NULL, 'abelino07', '3M6UeZzsTxYkFSEy3Cz3WuG69qDTzoG7N8', NULL, NULL, 'usuario_default.png', 'YSAIASMARCATINCO@gmail.com'),
(82, 'jose', 'machado', NULL, NULL, '', NULL, NULL, 'usuario_default.png', 'fantoncsgrat@gmail.com'),
(83, 'Juan Carlos ', 'Ruiz ', NULL, NULL, '', NULL, NULL, 'usuario_default.png', 'jcruiz.net@gmail.com'),
(84, 'Willy', 'Tirado', NULL, '+1 829 921 3775', '3PNckX1w6miPuc4zpW6vASKkTo7ngfgyKA   ', 'LNZGvuyaDjJgbhqxLGhWRthLo7hbwdmezZ', '16cGgJGj613S3vhdbCZ3W7S2N9u53G3uqc', '71d8353c790b7560334b6b533a747259.jpg', 'willytiradogdps@gmail.com'),
(85, 'umbar', 'Giraldo', NULL, NULL, '', NULL, NULL, 'usuario_default.png', 'umbar555@hotmail.com'),
(86, 'Guillermo ', 'Del Vecchio', NULL, NULL, '', NULL, NULL, 'usuario_default.png', 'gadm1975@gmail.com'),
(87, 'aldemaro', 'palmar', NULL, NULL, '', NULL, NULL, 'usuario_default.png', 'aldemaropalmar1@gmail.com'),
(88, 'Luis ', 'Perez', NULL, NULL, '', NULL, NULL, 'usuario_default.png', 'juegoj42@gmail.com'),
(89, 'Orlando', 'German', NULL, NULL, '3CSf6sC4iqrKzu8b75RSPkA9phyPcdvYy1', NULL, NULL, 'usuario_default.png', 'orlagerman@gmail.com'),
(90, 'yasmil ', 'moreno', NULL, NULL, '', NULL, NULL, 'usuario_default.png', 'yasmilmoreno8@gmail.com'),
(91, 'Ebber', 'Rodriguez', NULL, NULL, '', NULL, NULL, 'usuario_default.png', 'proempresa.er@gmail.com'),
(92, 'Cuauhtemoc', 'Moreno', NULL, 'cuauhtemocmg', '3HtLgExT2Vzc1nWU6rKpARtU8JGdMWZWB4', NULL, NULL, 'usuario_default.png', 'cuauhtemocmoga@gmail.com'),
(93, 'manuel', 'maita', NULL, NULL, '', NULL, NULL, 'usuario_default.png', 'manuel.maita2@gmail.com'),
(94, 'jose', 'gil', NULL, NULL, '', NULL, NULL, 'usuario_default.png', 'josegiltrk@gmail.com'),
(95, 'JOSE ', 'LOPEZ', NULL, NULL, '', NULL, NULL, 'usuario_default.png', 'odranoel_20_@hotmail.com'),
(96, 'Eleonardo', 'Hurtado', NULL, NULL, '', NULL, NULL, 'usuario_default.png', 'eleonardohr@gmail.com'),
(97, 'samuel', 'castellano', NULL, NULL, '', NULL, NULL, 'usuario_default.png', 'samuelkstellano@gmail.com'),
(98, 'adrialis', 'mayo', NULL, NULL, '', NULL, NULL, 'usuario_default.png', 'adrialis2006@hotmail.com'),
(99, 'osmer', 'cedeño', NULL, NULL, '1PxYqEB618ArqcvvLDfoxZS3r4XoZ1uVAu', 'Lhdq7vPJ8FgzhmBCg2qXhAiGu12hZRRUtf', NULL, 'usuario_default.png', 'osmerjcedeno@live.com'),
(100, 'Liangely', 'Sanchez', NULL, NULL, '', NULL, NULL, 'usuario_default.png', 'liangelysanchez@outlook.com'),
(101, 'miguel', 'perez', NULL, NULL, '', NULL, NULL, 'usuario_default.png', 'miguel_touma_15@hotmail.com'),
(102, 'yhon ', 'velasquez', NULL, NULL, '', NULL, NULL, 'usuario_default.png', 'dios20k@gmail.com'),
(103, 'ricardo', 'sanchez', NULL, NULL, '', NULL, NULL, 'usuario_default.png', 'cuernavacaking1@gmail.com'),
(104, 'Bernardo', 'Barreto', NULL, '+584264423703', '1B3SySUEgMWkcmtngywoQrjMMU8bWABNkW', NULL, NULL, 'usuario_default.png', 'bernardobarreto3105@gmail.com'),
(105, 'Jim', 'Getar', NULL, NULL, '1LiQNMCiXRfba4SQWYUBpznutwDmCjquF6', NULL, NULL, 'usuario_default.png', 'jimpg9628@gmail.com'),
(106, 'yimer', 'martinez', NULL, NULL, '', NULL, NULL, 'usuario_default.png', 'alcapone5354@gmail.com'),
(107, 'Abel angel', 'Rodríguez ', NULL, NULL, '', NULL, NULL, 'usuario_default.png', 'abel.rdz73@gmail.com'),
(108, 'William A', 'Mendez S', NULL, '3012225054/ Skype: wilimen3710', '', NULL, NULL, 'usuario_default.png', 'creandofuturo37@gmail.com'),
(109, 'harlinson', 'castro', NULL, NULL, '', NULL, NULL, 'usuario_default.png', 'harlinson99@gmail.com'),
(110, 'Juan', 'Lopez', NULL, NULL, '', NULL, NULL, 'usuario_default.png', 'kurtlopez@gmail.com'),
(111, 'Abel', 'Rdz', NULL, NULL, '', NULL, NULL, 'usuario_default.png', 'abelangelrodriguez8@gmail.com'),
(112, 'Milton ', 'Castillo ', NULL, NULL, '', NULL, NULL, 'usuario_default.png', 'castillomilton2@hotmail.com'),
(113, 'LEONEL', 'ALVARADO', NULL, NULL, '', NULL, NULL, 'usuario_default.png', 'ALVARADOLEONEL90@HOTMAIL.COM'),
(114, 'Armando', 'García', NULL, NULL, '', NULL, NULL, 'usuario_default.png', 'moinatarm1983@gmai.com'),
(115, 'Leonard', 'Jimenez', NULL, NULL, '', NULL, NULL, 'usuario_default.png', 'jimenezleonardop@gmail.com'),
(116, 'Edward', 'Suarez', NULL, '+584161439681', '', NULL, NULL, '3c9e678035b36b67af15df89d7293dff.jpg', 'wonteroficial@gmail.com'),
(117, 'Indira', 'Cortez', NULL, NULL, '', NULL, NULL, 'usuario_default.png', 'curivitastienda@gmail.com'),
(118, 'Marlon ', 'De la Cruz Chávez ', NULL, NULL, '', NULL, NULL, 'usuario_default.png', 'marlon.mmmhyo94@gmail.com'),
(119, 'chelo', 'perez', NULL, NULL, '', NULL, NULL, 'usuario_default.png', 'chelo_pepla@hotmail.com'),
(120, 'abel angel ', 'rodriguez jaquez', NULL, 'abel angel rodriguez jaquez', '', NULL, NULL, '409c2adf9b895e3c426570390c1c2a5b.jpg', 'abel.trading73@gmail.com'),
(121, 'Cristian Camilo', 'Montoya', NULL, NULL, '', NULL, NULL, 'usuario_default.png', 'criscamong@gmail.com'),
(122, 'Héctor Hacid', 'Julio Meza', NULL, NULL, '', NULL, NULL, 'usuario_default.png', 'hectorhacid@gmail.com'),
(123, 'Oriana', 'Sotomayor', NULL, NULL, '', NULL, NULL, 'usuario_default.png', 'orianaost@gmail.com'),
(124, 'juan', 'Ruiz', NULL, NULL, '', NULL, NULL, 'usuario_default.png', 'juanjoserg3@gmail.com'),
(125, 'Arnaldo', 'llovera', NULL, NULL, '', NULL, NULL, 'usuario_default.png', 'siervodedios245@gmail.com'),
(126, 'Melani', 'Aranguren', NULL, NULL, '', NULL, NULL, 'usuario_default.png', 'faucets2017@gmail.com'),
(127, 'GERARDO', 'SANCHEZ', NULL, NULL, '', NULL, NULL, 'usuario_default.png', '851gerar.sanch@gmail.com'),
(128, 'gerardo', 'sanchez', NULL, NULL, '1GZRf2dJQC5pffBptSi3MRFXJQv1eatYyR', NULL, NULL, '612d17ca818f7fb0d5cc1be42209821f.jpg', 'gerar.sanch851@gmail.com'),
(129, 'Emiliano gaston ', 'Orellana ', NULL, NULL, '', NULL, NULL, 'usuario_default.png', 'emilianogorellana77@gmail.com'),
(130, 'teleforo', 'seijas', NULL, NULL, '', NULL, NULL, 'usuario_default.png', 'teleforo2008@gmail.com'),
(131, 'Albino ', 'Ameza', NULL, NULL, '', NULL, NULL, 'usuario_default.png', 'visionariostres@gmail.com'),
(132, 'Maria de Jesus', 'Godinez Vargas', NULL, NULL, '', NULL, NULL, 'usuario_default.png', '6461075491a@gail.com'),
(133, 'CARLOS', 'BW', NULL, NULL, '', NULL, NULL, 'usuario_default.png', 'eliotys02@gmail.com'),
(134, 'PAOLA ', 'VALLADARES', NULL, NULL, '', NULL, NULL, 'usuario_default.png', 'paola.valladares@corpsolhn.com'),
(135, 'joseph ', 'carrillo', NULL, NULL, '', NULL, NULL, 'usuario_default.png', 'carloscarrillo8888@hotmail.com'),
(136, 'dennis', 'tovar', NULL, NULL, '', NULL, NULL, 'usuario_default.png', 'dennist0912@gmail.com'),
(137, 'Santiago', 'Villa', NULL, NULL, '1L8gYHSpZAGvvoB86BEwEgdRWTSpuzH2fn', NULL, NULL, 'b10280dc11fafe736bcccbc4b11b9daf.jpg', 'saxferstudio@hotmail.com'),
(138, 'carlos', 'rodriguez', NULL, NULL, '', NULL, NULL, 'usuario_default.png', 'chefdeviaje@gmail.com'),
(139, 'Gleivis', 'Cedeño', NULL, NULL, '', NULL, NULL, 'usuario_default.png', 'gleivis.cedeno6@gmail.com'),
(140, 'Oscar', 'Valles', NULL, '04146776381', '', NULL, NULL, 'usuario_default.png', 'jhoncarlismaria15@gmail.com'),
(141, 'Jean Carlos ', 'Freites', NULL, NULL, '', NULL, NULL, 'usuario_default.png', 'freitesjeanc@gmail.com'),
(142, 'Gabriel', 'Cedeño', NULL, NULL, '', NULL, NULL, 'usuario_default.png', 'GabrielsCedeno@gmail.com'),
(143, 'Alberto ', 'Mendieta', NULL, NULL, '', NULL, NULL, 'usuario_default.png', 'b.a.mendieta@hotmail.es'),
(144, 'carlos', 'diaz', NULL, NULL, '', NULL, NULL, 'usuario_default.png', 'cardiague3@gmail.com'),
(145, 'dayana', 'alvarez', NULL, NULL, '', NULL, NULL, 'usuario_default.png', 'dayanaalvarez1987@outlook.es'),
(146, 'Rulo', 'Vargas Abarca', NULL, NULL, '', NULL, NULL, 'usuario_default.png', 'criptoinka@gmail.com'),
(147, 'yhon', 'mendoza', NULL, NULL, '', NULL, NULL, 'usuario_default.png', 'dio20k@gmail.com'),
(148, 'Luis J', 'Villalobos', NULL, NULL, '', NULL, NULL, 'usuario_default.png', 'eljf03@yahoo.com.mx'),
(149, 'Fernando', 'Cañón', NULL, NULL, '', NULL, NULL, 'usuario_default.png', 'ifecase@gmail.com'),
(150, 'Eliana', 'Puruguay borda', NULL, NULL, '', NULL, NULL, 'usuario_default.png', 'elianapuruguay@gmail.com'),
(151, 'juan', 'garnica', NULL, NULL, '', NULL, NULL, 'usuario_default.png', 'juangui_u23@icloud.com'),
(152, 'Cesar Andres', 'Rios Correa', NULL, NULL, '', NULL, NULL, 'usuario_default.png', 'rioscorreacesarandres@gmail.com'),
(153, 'victor alejandro ', 'noño perez', NULL, NULL, '', NULL, NULL, 'usuario_default.png', 'vivtorhenr@hotmail.com'),
(154, 'Marcos', 'Estrada', NULL, NULL, '', NULL, NULL, 'usuario_default.png', 'superacionpersonal4@gmail.com'),
(155, 'ROMMER', 'HERNANDEZ', NULL, NULL, '', NULL, NULL, 'usuario_default.png', 'rommermckinney@gmail.com'),
(156, 'Rosa', 'Hernandez', NULL, NULL, '', NULL, NULL, 'usuario_default.png', 'rosavalentina.h.p@gmail.com'),
(157, 'maglis', 'pulido', NULL, NULL, '', NULL, NULL, 'usuario_default.png', 'viajesyturismowm@gmail.com'),
(158, 'Ronald', 'Camargo', NULL, NULL, '', NULL, NULL, '77418c3219522646e4fca261e7817248.jpg', 'ronald_22r_camargo@hotmail.com'),
(159, 'Ricardo', 'crespo', NULL, NULL, '', NULL, NULL, 'usuario_default.png', 'cresporicardo03@gmail.com'),
(160, 'Gabriela ', 'Fato', NULL, NULL, '', NULL, NULL, 'usuario_default.png', 'Alessandrafato@gmail.com'),
(161, 'Roberto Guillermo', 'Munguia Espitia', NULL, NULL, '', NULL, NULL, 'usuario_default.png', 'negocios.robermun@gmail.com'),
(162, 'Angelo', 'Bastia', NULL, NULL, '', NULL, NULL, 'usuario_default.png', 'angelo250277@gmail.com'),
(163, 'Gabriela', 'Plaza', NULL, NULL, '', NULL, NULL, 'usuario_default.png', 'gabyplaza83@gmail.com'),
(164, 'Oscar', 'Pinilla', NULL, '+573176766177', '1KVccbuyoQiyWFXZKeTYNRRDTq9NBBjfVc', NULL, NULL, 'usuario_default.png', 'omob2@hotmail.com'),
(165, 'Vicente', 'Cornejo', NULL, NULL, '', NULL, NULL, 'usuario_default.png', 'cornejo_vv@yahoo.com.mx'),
(166, 'LUIS', 'BIZAMON', NULL, NULL, '', NULL, NULL, '0c0b081ebcc0413f0e113f2a429c60e8.jpg', 'emprendedorpublipagos@gmail.com'),
(167, 'Carlos', 'Polania', NULL, NULL, '3Nq8ecL6S4L7bYiTYxpndCn8DQMM6VTWyD', NULL, NULL, 'usuario_default.png', 'carlospolania38@gmail.com'),
(168, 'Omar', 'Arboleda', NULL, NULL, '', NULL, NULL, 'usuario_default.png', 'omalarle@gmail.com'),
(169, 'edwin', 'ayala', NULL, NULL, '', NULL, NULL, 'usuario_default.png', 'edwinsaratell@gmail.com'),
(170, 'RONAL', 'CASTILLO', NULL, NULL, '', NULL, NULL, 'usuario_default.png', 'ronal.sistemas78@gmail.com'),
(171, 'Brayan', 'Puma', NULL, NULL, '', NULL, NULL, 'usuario_default.png', 'yes06bpo@outlook.es'),
(172, 'Stivensson', 'Hinojosa', NULL, 'steveperca@gmail.com', '1KAcBJQv5jim2hyWB6YuFCksYhAzp2gZH9', NULL, NULL, 'usuario_default.png', 'soloinversiones5@gmail.com'),
(173, 'Juan', 'Labastidas', NULL, '3233463245', '', NULL, NULL, 'usuario_default.png', 'juaneuclideslabastidascubides@gmail.com'),
(174, 'Israel', 'Porras', NULL, NULL, '', NULL, NULL, 'usuario_default.png', 'israel.porrasr@gmail.com'),
(175, 'Carolina', 'Valera', NULL, NULL, '', NULL, NULL, 'usuario_default.png', 'carolina.valera01@gmail.com'),
(176, 'Marvin ', 'Rosale', NULL, NULL, '', NULL, NULL, 'usuario_default.png', 'djrosales98@gmail.com'),
(177, 'BLANCA', 'PEREZ', NULL, NULL, '', NULL, NULL, 'usuario_default.png', 'pmblanca85@gmail.com'),
(178, 'eduardo', 'nuñez', NULL, NULL, '', NULL, NULL, 'usuario_default.png', 'ganimedes141@hotmail.com'),
(179, 'edwing', 'pinto apaza', NULL, NULL, '1JK38wQJPPDSJBSwKUCoXtStzFqSokTmKM', NULL, NULL, '59f58fa96513e4ae988840fbea23a8ae.jpg', 'edwingpinto@hotmail.com'),
(180, 'ELLIOOTH', 'KIZER', NULL, NULL, '', NULL, NULL, 'usuario_default.png', 'elliooth_kizer@hotmail.com'),
(181, 'wilber', 'albarado', NULL, '1128437450', '1K3A4aV8yFEpidbSxYzfNs4XEaTn5zG9QP', NULL, NULL, 'usuario_default.png', 'wilberexitoso@gmail.com'),
(182, 'jose antonio', 'lopez bustamante', NULL, NULL, '', NULL, NULL, 'usuario_default.png', 'antonybustamante277@gmail.com'),
(183, 'Elias ', 'Chipana', NULL, NULL, '', NULL, NULL, 'usuario_default.png', 'quelindosonreir@gmail.com'),
(184, 'Antonio', 'Lopez', NULL, NULL, '', NULL, NULL, 'usuario_default.png', 'ant.lopez.b@gmail.com'),
(185, 'Abimael', 'Andarcia', NULL, NULL, '', NULL, NULL, 'usuario_default.png', 'abimaelandarcia@gmail.com'),
(186, 'Carlos', 'Retamoso', NULL, NULL, '', NULL, NULL, 'usuario_default.png', 'retamoce@gmail.com'),
(187, 'Angel', 'Guerrero', NULL, NULL, '', NULL, NULL, 'usuario_default.png', 'angelgm122884@gmail.com'),
(188, 'luis', 'orellana', NULL, NULL, '', NULL, NULL, 'usuario_default.png', 'lo.viaja.visiontravel@gmail.com'),
(189, 'Enyerberth ', 'Materan', NULL, NULL, '', NULL, NULL, 'usuario_default.png', 'enyerberthmateran120@gmail.com'),
(190, 'jesus', 'alizo', NULL, NULL, '', NULL, NULL, 'usuario_default.png', 'yuukirito1990@gmail.com'),
(191, 'Juana', 'Miranda cachi', NULL, '952228862', '', NULL, NULL, '1c9e613202b743e0b1c321a67f28b65d.jpg', 'juanamiranda2083@yahoo.com'),
(192, 'Carlos', 'Beltran', NULL, NULL, '', NULL, NULL, 'usuario_default.png', 'carlosx@gmail.com'),
(193, 'dsfds', 'sdfSDf', NULL, NULL, '', NULL, NULL, 'usuario_default.png', 'jimenezleonaxxxrdop@gmail.com'),
(194, 'julio', ' montero', NULL, NULL, '', NULL, NULL, 'usuario_default.png', 'julio7montero7@gmail.com'),
(195, 'Andrea', 'Malaver', NULL, NULL, '', NULL, NULL, 'usuario_default.png', 'andre.malver1@gmail.com'),
(196, 'Epifanio', 'Saravia', NULL, NULL, '', NULL, NULL, 'usuario_default.png', 'saravia486@gmail.com'),
(197, 'kevin ', 'Medina', NULL, NULL, '', NULL, NULL, 'usuario_default.png', 'hawerk98@gmail.com'),
(198, 'Rodolfo', 'Peñaranda Camacho', NULL, NULL, '', NULL, NULL, 'usuario_default.png', 'rolymail0@gmail.com'),
(199, 'Albin', 'Ramos orellana ', NULL, NULL, '', NULL, NULL, 'usuario_default.png', 'ramosausberto1995@gmail.com'),
(200, 'Jaime', 'Mongrut', NULL, NULL, '', NULL, NULL, 'usuario_default.png', 'jmcdivvee@gmail.com'),
(201, 'Juan Carlos', 'Ortega ', NULL, 'eljuancaao@hotmail.com', '', NULL, NULL, '79eeaee6580a6cef67b65b7f3115525b.jpg', 'eljuancaa@gmail.com'),
(202, 'Dario', 'Diaz', NULL, NULL, '', NULL, NULL, 'usuario_default.png', 'dariocesard@gmail.com'),
(203, 'Carlos ', 'Mella', NULL, NULL, '', NULL, NULL, 'usuario_default.png', 'cmella3312@gmail.com'),
(204, 'Carlos', 'Caballero', NULL, NULL, '', NULL, NULL, 'usuario_default.png', 'divininoso@gmail.com'),
(205, 'Maira Alejandra', 'Moncada', NULL, '3134799948', '1Jv74Z9FkYhSK9hGoAizwAHnnjtg6CwhRY', NULL, NULL, '42b3fa3e1c07ff7a213ed58f2d96d0af.jpg', 'malejamoncada6@gmail.com'),
(206, 'alex', 'ferrales', NULL, NULL, '', NULL, NULL, 'usuario_default.png', 'aferralesv1@yahoo.es'),
(207, 'Erland', 'Maldonado andrade', NULL, NULL, '', NULL, NULL, 'usuario_default.png', 'Erlandcash2017@gmail.com'),
(208, 'Everardo', 'Castañeda', NULL, '2227877163', '33s8q2XjnX2aJ5YkUzGg6i7hpZwRw4fhi1', NULL, NULL, 'usuario_default.png', 'casta.fff@gmail.com'),
(209, 'Juan Pablo', 'Arias', NULL, NULL, '', NULL, NULL, 'usuario_default.png', 'juanpabloariascoach@gmail.com'),
(210, 'edison', 'cardona', NULL, NULL, '', NULL, NULL, 'usuario_default.png', 'jonedicar@hotmail.com'),
(211, 'Tatiana', 'De Paz Toledo', NULL, NULL, '', NULL, NULL, 'usuario_default.png', 'Tati_forever25_dt@hotmail.com'),
(212, 'Ernesto Alex', 'Rodriguez Villanueva', NULL, NULL, '', NULL, NULL, 'usuario_default.png', 'arovi197585@gmail.com'),
(213, 'Cristian hernan', 'Devia lesmes', NULL, '3183176882', '', NULL, NULL, 'usuario_default.png', 'CRISTIANHER0718@gmail.com'),
(214, 'argenis', 'melendez', NULL, NULL, '', NULL, NULL, 'usuario_default.png', 'argenismelendezv@gmail.com'),
(215, 'leiber', 'mosquera', NULL, '+584246210797', '1GfaoALyqJGPEtkrbLUSvUPPFqiHx4c6VJ', NULL, NULL, 'usuario_default.png', 'leibermosquera1993@gmail.com'),
(216, 'diego fernando', 'devia lesmes', NULL, NULL, '', NULL, NULL, 'usuario_default.png', 'diegofdevia26@gmail.com'),
(217, 'Gregory', 'Giovanardi', NULL, NULL, '3MKxY4n9qTn6QZrfmevkDWbpBNg7pycvmQ ', NULL, NULL, 'usuario_default.png', 'gregorygiovanardi@gmail.com'),
(218, 'Byron', 'Pacheco', NULL, NULL, '', NULL, NULL, 'usuario_default.png', 'abogado_pacheco@hotmail.com'),
(219, 'Juan', 'Vivanco', NULL, NULL, '', NULL, NULL, 'usuario_default.png', 'juanalbertovivanco@gmail.com'),
(220, 'Gabriel', 'Blanco', NULL, NULL, '', NULL, NULL, 'usuario_default.png', 'negociosgblanco@gmail.com'),
(221, 'hector', 'pinzon', NULL, NULL, '', NULL, NULL, 'usuario_default.png', 'hector_mistic@hotmail.com'),
(222, 'Maria ', 'Gómez Rivera ', NULL, NULL, '12etTRFdsp4AzDBd3tXGJ8tRQvSXGrfxn2', NULL, NULL, 'usuario_default.png', 'mariagorivera@gmail.com'),
(223, 'Roberto', 'Santana', NULL, NULL, '', NULL, NULL, 'usuario_default.png', 'Signydiana@hotmail.com'),
(224, 'Billy', 'Berroa', NULL, NULL, '', NULL, NULL, 'usuario_default.png', 'billyberroamlm@gmail.com'),
(225, 'claribel', 'ventura mendez', NULL, NULL, '', NULL, NULL, 'usuario_default.png', 'claribelventuragdps@gmail.com'),
(226, 'Juan benito', 'Diaz ulloa', NULL, '829 3779143', '', NULL, NULL, 'b80301b678bb22dd6b075875dfa6e5bd.jpg', 'donpolo6113@gmail.com'),
(227, 'Maritza', 'Hernandez', NULL, NULL, '1BwAG1oEQLJti8R255ogdpY7rXgADZEnbH', NULL, NULL, '238b44e0a1ad3735fdceece1c48fc165.jpg', 'maritzah2224@gmail.com'),
(228, 'Randolf', 'Reyes', NULL, NULL, '1fe42fce-86e6-4d37-9f89-88154bf5d171', NULL, NULL, 'a61657a256fd5d4c33a48190494c0cfc.jpg', 'dolaresparasiempre@gmail.com'),
(231, 'Alirio Jose', 'Jimenez Rodriguez', NULL, NULL, '', NULL, NULL, 'usuario_default.png', 'danisal9@hotmail.com'),
(232, 'Ernesto', 'Rodriguez', NULL, NULL, '', NULL, NULL, 'usuario_default.png', 'ernyled1920@hotmail.com'),
(233, 'Antonio', ' Sallustio Bentivoglio', NULL, NULL, '', NULL, NULL, 'usuario_default.png', 'antonio.sallustio@gmail.com'),
(234, 'Christian', 'Goncalves', NULL, NULL, '', NULL, NULL, 'usuario_default.png', 'chriaandres20@hotmail.con'),
(235, 'Marcos antonio', 'Castillo yanez', NULL, NULL, '', NULL, NULL, 'usuario_default.png', 'calenaca@gmail.com'),
(236, 'Francisco', 'Torres', NULL, NULL, '', NULL, NULL, 'usuario_default.png', 'fstc90@hotmail.com'),
(237, 'Walter', 'Gallego', NULL, NULL, '', NULL, NULL, 'usuario_default.png', 'walgallego.wg@gmail.com'),
(238, 'jose', 'Sanchez', NULL, '04143667717', '1BQZ9Tmc5EgqSQL4Jky9v7Ko26xsZ2RQy6', NULL, NULL, '47e8a5641a0f054eb1f80b032c0afff5.jpg', 'josegsnunes@hotmail.com'),
(239, 'Cristian David', 'Angel Sandoval', NULL, '3006078176', '1CJo5F1o1Mkos911pnF8rZXUBUtEuKGvR6', NULL, NULL, 'usuario_default.png', 'cdangels90@gmail.com'),
(240, 'Angel', 'Pagnutti', NULL, NULL, '', NULL, NULL, 'usuario_default.png', 'turuang@gmail.com'),
(241, 'William', 'Paul', NULL, NULL, '', NULL, NULL, 'usuario_default.png', 'cuentaplaystorejp@gmail.com'),
(242, 'Nicolas', 'Araque', NULL, NULL, '', NULL, NULL, 'usuario_default.png', 'nicoaraque18@gmail.com'),
(243, 'luis antonio', 'cordova vazquez', NULL, '9611877068', '3CsBGNpp4JN2ViUz1WLp2HQ2PnTJnz9WQZ', NULL, NULL, 'usuario_default.png', 'Ls.cordova@hotmail.com'),
(244, 'Alberth', 'Bravo ', NULL, NULL, '', NULL, NULL, 'usuario_default.png', 'alberthpay@gmail.com'),
(245, 'Carlos', 'Camargo', NULL, '4149764929', 'cjdce', NULL, NULL, 'ece57c7556edd933472008598831e632.jpg', 'caedcagomez@gmail.com'),
(246, 'Eduardo', 'Patiño', NULL, NULL, '', NULL, NULL, 'usuario_default.png', 'edalpah@gmail.com'),
(247, 'Abraham', 'Laines', NULL, NULL, '', NULL, NULL, 'usuario_default.png', 'criptolaines@gmail.com'),
(248, 'Alexander ', 'Parada Bautista', NULL, NULL, '', NULL, NULL, 'usuario_default.png', 'muskelkillen1@hotmail.com'),
(249, 'Jose Jesus', 'Astudillo Yale', NULL, NULL, '', NULL, NULL, 'usuario_default.png', NULL),
(250, 'Jose Jesus', 'Astudillo yale', NULL, '+51 953321', '02b88b3e-156a-4786-a0a3-617931596967', NULL, NULL, 'a7a6db5c26931b1e392f8d134764bcea.jpg', 'astudillo.1997y@gmail.com'),
(251, 'Sugey', 'Reyes', NULL, NULL, '', NULL, NULL, 'usuario_default.png', 'rsugey10@yahoo.com.mx'),
(252, 'Luis', 'Ibarra', NULL, NULL, '', NULL, NULL, 'usuario_default.png', 'luis96ibarra@gmail.com'),
(253, 'Jose', 'Morel', NULL, NULL, '', NULL, NULL, 'usuario_default.png', 'jmdigitalmoney@gmail.com'),
(254, 'Jose', 'Luzardo', NULL, NULL, '', NULL, NULL, 'usuario_default.png', 'j_luzardo@yahoo.com'),
(255, 'Tomás', 'Martínez', NULL, NULL, '', NULL, NULL, 'usuario_default.png', 'bytomas98@gmail.com'),
(256, 'Paola', 'Cruz', NULL, NULL, '', NULL, NULL, 'usuario_default.png', 'Paolacruz0306@gmail.com'),
(257, 'Juan Carlos', 'Ortega ', NULL, NULL, '', NULL, NULL, 'eda623546bb43c35447889b0493bd9b0.jpg', 'bitcoinparaemprendedores@gmail.com'),
(258, 'Antonio ', 'Rincón', NULL, NULL, '', NULL, NULL, 'usuario_default.png', 'jarv0499@gmail.com'),
(259, 'PEDRO', 'MORALES', NULL, '8296975761', '1CGwKPkuox2KZEDxH2kUGxMo11e1Q5XvAx', 'LiXdxD5xNqcbP81iDUm9GfT2RkND2pw68Z', '17NYJp2i2hXZSQjroUbeVMGXvpuP2XCVYa', 'a2f678dac23de69fb8047855e03f53c9.jpg', 'aipedromorales@gmail.com'),
(260, 'Carlos', 'Mercedes', NULL, NULL, '', NULL, NULL, 'usuario_default.png', 'carlos_smit1@hotmail.com'),
(261, 'Javier', 'Molina', NULL, NULL, '', NULL, NULL, 'usuario_default.png', 'molinacentauro17@gmail.com'),
(262, 'Carlos ', 'Mella', NULL, '8293414726', '15jDVNuQTGjRdCh5girjryfhkFLsBmoVKY', NULL, NULL, '53b1bf482c197e2d4a912ba204c14aaa.jpg', 'cmella2302@yahoo.com'),
(263, 'Lucio', 'Ramirez', NULL, NULL, '', NULL, NULL, 'usuario_default.png', 'mybusinessline81@gmail.com'),
(264, 'SEVERIANO', 'OCAMPO MESINO', NULL, '+5212227062078', '', NULL, NULL, 'usuario_default.png', 'severianoocampomesino@gmail.com'),
(265, 'jose antonio', 'cuevas soriano', NULL, NULL, '', NULL, NULL, 'usuario_default.png', 'redbtcrd@gmail.com'),
(266, 'johnny', 'victorio aquino', NULL, NULL, '', NULL, NULL, 'usuario_default.png', 'johnnyvictorio@gmail.com'),
(267, 'nelson', 'rojas', NULL, '+584127628819', '1D4XezE4RYATce2kPMtJBZtP6QbX2mwhkk', NULL, NULL, 'usuario_default.png', 'nrojasortiz0@gmail.com'),
(268, 'Julio', 'Cesar Danis', NULL, NULL, '', NULL, NULL, 'usuario_default.png', 'julioencarnacion151225@gmail.com'),
(269, 'Hawell', 'Tirado', NULL, '8092535454', '', NULL, NULL, 'usuario_default.png', 'hawelltirado23@gmail.com'),
(270, 'Menny', 'Suberby', NULL, NULL, '', NULL, NULL, 'usuario_default.png', 'm.subervibello@gimail.com'),
(271, 'Perla ', 'de los Santos', NULL, NULL, '', NULL, NULL, 'usuario_default.png', 'pdt99143@gmail.com'),
(272, 'Maria', 'Cubillos', NULL, NULL, '', NULL, NULL, 'usuario_default.png', 'euromec017@gmail.com'),
(273, 'Rosalba', 'Pineda', NULL, NULL, '', NULL, NULL, '2416bab290b6b5bde65d4281fa40f926.png', 'albashareglobal@gmail.com'),
(274, 'Ebber', 'Rodriguez', NULL, NULL, '', NULL, NULL, 'usuario_default.png', 'ebber_654@hotmail.com'),
(275, 'Jack', 'Smith', NULL, NULL, '', NULL, NULL, 'usuario_default.png', 'liewcr@hotmail.com'),
(276, 'Luis', 'Alvarado', NULL, NULL, '', NULL, NULL, 'usuario_default.png', 'lalvarado333@gmail.com'),
(277, 'Abraham Felipe', 'Laines Suarez', NULL, '+51980379254', '19vyGrLKyQaBUauaYufweMK16yjxxFB7fz', 'LcQiCfLzx9j2gRgooUvgm9Z6SonczEAtEd', NULL, '6cc75056b512e262ee0e4b82ccc0b3ac.jpg', 'abrahamlaines@gmail.com'),
(278, 'Manuel', 'Font Rodríguez', NULL, NULL, '', NULL, NULL, 'usuario_default.png', 'manuel3694@gmail.com'),
(279, 'Roberto Antonio ', 'Amparo Castillo ', NULL, NULL, '', NULL, NULL, 'usuario_default.png', 'Robertodgo12114@gmail.com'),
(280, 'Carlos', 'Chirinos', NULL, '+573234663289', '1BxV6zEoz15YHRkrsd2jrh5yBrkg3wa4zs', NULL, NULL, 'usuario_default.png', 'djxavi2015@gmail.com'),
(281, 'ARTURO', 'RODRIGUEZ RAMOS', NULL, '52 6642432667         skipe        arturorodriguez', '', NULL, NULL, '11c4b31647ddbe818701b12d3e12ad6a.jpg', 'artgto17@gmail.com'),
(282, 'Arturo', 'rodriguez ramos', NULL, '52 6642432667         skipe        arturorodriguez', '1F4QGCrvhce1PEv53dGNvdFLBmdS3F4TQG', NULL, NULL, '0b8c3d3e272be09425dadd47d6d19230.jpg', 'artgto17@hotmail.com'),
(283, 'stivensson', 'hinojosa', NULL, NULL, '1DcgqLNAZNnUqWeFHbsB7r7Z6QqCE1uWuj', 'LRpkTPD8grAs19W8wC8Cq3jskgQxKD7pW8', NULL, 'usuario_default.png', 'companybitgo@gmail.com'),
(284, 'Luis ernesto', 'Monrroy hernandez', NULL, '+527444499696', '18Lbd7VAdMxi2cWf9e3bF2FbFypi4xNJny', NULL, NULL, 'd8b9ec61095088c05ecaff073c6697c3.jpg', 'luisdiamondacapulco@gmail.com'),
(285, 'Fidel', 'Pérez Camero', NULL, NULL, 'FidelPC', NULL, NULL, 'usuario_default.png', 'bajioseti@gmail.com'),
(286, 'Luis Ernesto', 'Monrroy', NULL, NULL, '', NULL, NULL, 'usuario_default.png', 'luis_aca@hotmail.es'),
(287, 'Adiano Antonio', 'Laucer Ortiz', NULL, NULL, '', NULL, NULL, 'usuario_default.png', 'adrianolauser@gmail.com'),
(288, 'Leonardo', 'Batista', NULL, '8094481444', '1HvBAyyThmch98MpbUZQ1wkm7e8NGiRr9j', NULL, NULL, 'a630c8c299fa7ed94236a357f6e77f04.jpg', 'leomotivacional@gmail.com'),
(289, 'Seferino ', 'Evangelista', NULL, NULL, '', NULL, NULL, 'usuario_default.png', 'seferino3448@gmail.com'),
(290, 'Stiv', 'Hino', NULL, NULL, '', NULL, NULL, 'usuario_default.png', 'steven_perca@hotmail.com'),
(291, 'baldemar ', 'gonzalez', NULL, NULL, '', NULL, NULL, 'usuario_default.png', 'ymcmb1469@gmail.com'),
(292, 'Adrian', 'Alvarez', NULL, NULL, '', NULL, NULL, 'usuario_default.png', 'unamanoamigaclub@gmail.com'),
(293, 'Jose', 'Rodriguez', NULL, 'proorca2009', '15e471sNjJKNQnNPy7cpMHs1HFZY1eoPvn', NULL, NULL, '7a7efc962d4eea4a8bb806cac3f600f3.jpg', 'instelcisa@gmail.com'),
(294, 'frank', 'Zambrano', NULL, NULL, '', NULL, NULL, 'usuario_default.png', 'invzambrano@gmail.com'),
(295, 'Javier', 'Govia Salazar', NULL, '+584265810670', '17H6asehjzGDFjDMaT2ATPdHyYzhPvmT3x', 'LWe6rcUFST5WugZZeS9yh51BtkYp9ueLMB', NULL, '80d8acd868b5f2948615d191b3b154e2.png', 'epenibot@gmail.com'),
(296, 'Christian', 'Falcones', NULL, NULL, '', NULL, NULL, 'usuario_default.png', 'christianfalcones7@gmail.com'),
(297, 'Alexander', 'Luzon', NULL, NULL, '', NULL, NULL, 'usuario_default.png', 'Alexluzon99@outlook.com'),
(298, 'Jose David', 'Farfan', NULL, '+584245160391', ' 1LJH8hhns5KWARsnKmM6ucAcMrtLo11C2', NULL, NULL, '67bded50b5b215ed2d39a217bfd357df.jpg', 'josedavidfarfan@gmail.com'),
(299, 'Abelardo', 'Padilla', NULL, NULL, '', NULL, NULL, 'usuario_default.png', 'abepad@gmail.com'),
(300, 'Joel ', 'Ramirez', NULL, '829 9125591', '', NULL, NULL, 'usuario_default.png', 'joelramirezgdps@gmail.com'),
(301, 'Olga', 'Henao', NULL, NULL, NULL, NULL, NULL, 'usuario_default.png', 'olga_henao371@live.com'),
(302, 'Enrique', 'Carruyo', NULL, NULL, '1747FreoLk4G8htLZFvy23JV6iLXHKnC25', NULL, NULL, 'usuario_default.png', 'caruyo93@gmail.com'),
(303, 'Carlos', 'Chirinos', NULL, NULL, NULL, NULL, NULL, 'usuario_default.png', 'carlosxavier2013_@hotmail.com'),
(304, 'prueba', '2', NULL, NULL, NULL, NULL, NULL, 'usuario_default.png', 'adrian@educatenetwork.com'),
(305, 'Bimpe', 'Adepoju', NULL, NULL, NULL, NULL, NULL, 'usuario_default.png', 'ladybim121@gmail.com'),
(306, 'Freddy', 'Reyes ', NULL, NULL, NULL, NULL, NULL, 'usuario_default.png', 'fred040980@hotmail.com'),
(307, 'Patricia', 'Chavez', NULL, '+1913 4909293      skype.    paty.chavez82', '1u6F1w5ZrXbwbfCpUgUgibrMAzq9eZggp', 'LTFScPiN32qAv1w9pXbEV9NXPpkUSSsvHi', NULL, 'ea185d1007aa8a2299b4d68a0b4afa41.jpg', 'patychavez235@gmail.com'),
(308, 'Glen Jhon', 'Carranza Sánchez', NULL, NULL, NULL, NULL, NULL, 'usuario_default.png', 'jhon.carranza@hotmail.com'),
(309, 'deborah', 'mendez', NULL, NULL, NULL, NULL, NULL, 'usuario_default.png', 'dmendezgonzalez@gmail.com'),
(310, 'Paty', 'Chavez', NULL, NULL, NULL, NULL, NULL, 'fa8784ac66d960ba75f91b66494f1a40.jpg', 'patriciamoralez412@yahoo.com'),
(311, 'Roker', 'GT', NULL, '+529831166049', NULL, NULL, NULL, 'usuario_default.png', 'diego_armando_g23@hotmail.com'),
(312, 'Adriano', 'Laucer', NULL, NULL, NULL, NULL, NULL, 'usuario_default.png', 'adrianolaucer@hotmail.com'),
(313, 'Alcira ', 'Segovia', NULL, NULL, NULL, NULL, NULL, 'usuario_default.png', 'segoviaalcira@gmail.com'),
(314, 'El Juan', 'Caa', NULL, NULL, NULL, NULL, NULL, 'usuario_default.png', 'eljuancaao@hotmail.com'),
(315, 'carlos mario', 'naranjo', NULL, NULL, NULL, NULL, NULL, 'usuario_default.png', 'naranjocarlosmario9@gmail.com'),
(316, 'Ettore', 'Cardillo', NULL, NULL, NULL, NULL, NULL, 'usuario_default.png', 'ettorecardillo5k@gmail.com'),
(317, 'Raul', 'Bendezu', NULL, NULL, NULL, NULL, NULL, 'usuario_default.png', 'raulbend@gmail.com'),
(318, 'DIEGO', 'GARCIA', NULL, NULL, NULL, NULL, NULL, 'usuario_default.png', 'moinatarm1983@gmail.com'),
(319, 'Javier', 'Leonides', NULL, NULL, NULL, NULL, NULL, 'usuario_default.png', 'Inst_benito_juarez@hotmail.com'),
(320, 'Edwin Rody', 'Parihuancollo Quispe', NULL, '+59177070125', NULL, NULL, NULL, 'usuario_default.png', 'edwinpq0571@gmail.com'),
(321, 'Doris', 'Cardenas', NULL, NULL, NULL, NULL, NULL, 'usuario_default.png', 'misabelita6@gmail.com'),
(322, 'Giovanny alexander', 'Cubillos Murillo ', NULL, NULL, '124jcaRCDBBkzzRi3JxC8VYtjR9E5DaD39', 'LUm8FcjhDYbsqVMECzoZ3Q585ktPXbuFZP', NULL, 'usuario_default.png', 'giovanoti2@gmail.com'),
(323, 'PAOLA ', 'CRUZ', NULL, NULL, NULL, NULL, NULL, 'usuario_default.png', 'paolacruz8964@gmail.com'),
(324, 'Isabel', 'Moron', NULL, NULL, NULL, NULL, NULL, 'usuario_default.png', 'anelmoron16@gmail.com'),
(325, 'Juan', 'Sarmiento', NULL, NULL, NULL, NULL, NULL, 'usuario_default.png', 'juan.g.sarmiento.p@gmail.com'),
(326, 'Erwin', 'Quiquisani', NULL, NULL, NULL, NULL, NULL, 'usuario_default.png', 'erwinquiquisani6@gmail.com'),
(327, 'juan', 'diaz', NULL, NULL, NULL, NULL, NULL, 'usuario_default.png', 'juanjdiaz89@gmail.com'),
(328, 'John', 'Dorantes', NULL, NULL, NULL, NULL, NULL, 'usuario_default.png', 'trabajaconjohn@gmail.com'),
(329, 'Julieta', 'Colque A.', NULL, NULL, NULL, NULL, NULL, 'usuario_default.png', 'mornylopez@yahoo.com'),
(330, 'Richard', 'Guillen', NULL, NULL, NULL, NULL, NULL, 'usuario_default.png', 'richard.guillen72@gmail.com'),
(331, 'Miguel', 'Felipez', NULL, '71409913', '17P1z8ZJX6J8E3YWbX8ZxGAwFD2wiACM2R', NULL, NULL, 'usuario_default.png', 'mifelipezmlm18@gmail.com'),
(332, 'javier ', 'garcia', NULL, NULL, NULL, NULL, NULL, 'usuario_default.png', 'javiergarcia1605@hotmail.com'),
(333, 'Roly', 'Peñaranda Camacho', NULL, NULL, NULL, NULL, NULL, 'usuario_default.png', 'roli_156@hotmail.com'),
(334, 'mauricio ', 'mateo', NULL, NULL, NULL, NULL, NULL, 'usuario_default.png', 'mauro355@hotmail.com'),
(335, 'Carlos', 'Molina', NULL, NULL, NULL, NULL, NULL, 'usuario_default.png', 'molinacentauro18@gmail.com'),
(336, 'andres david', 'pichardo', NULL, NULL, NULL, NULL, NULL, 'usuario_default.png', 'andredpichardo@gmail.com'),
(337, 'Julio ', 'Cesar Danis', NULL, NULL, NULL, NULL, NULL, 'usuario_default.png', 'julioencarnacion151226@gmail.com'),
(338, 'Jorge', 'Alvarez', NULL, NULL, NULL, NULL, NULL, 'usuario_default.png', 'funebre84@hotmail.com'),
(339, 'Billy ', 'Berroa', NULL, '+18292815552', '1C7qXbTTkC1CYTqh1noFrqw1Qq71BFkdRh', NULL, NULL, 'f6ead922541eed4841b4ed12b4c64757.jpg', 'gananciasporacciones@gmail.com'),
(340, 'jhoshua', 'ledezma', NULL, NULL, NULL, NULL, NULL, 'usuario_default.png', 'jhoshua1144@gmail.com'),
(341, 'Pedro', 'Morales', NULL, NULL, NULL, NULL, NULL, 'ae6a67dead81f7b65e26cd29728932f5.jpg', 'ipftelecom@gmail.com'),
(342, 'Andres levi', 'Rodriguez', NULL, NULL, '17HmFMmHutJgwmQwYqu1CDbJn7hC7HPVJn', NULL, NULL, 'usuario_default.png', 'disenhoypublicidad@gmail.com'),
(343, 'Daniel', 'delossantos', NULL, NULL, NULL, NULL, NULL, 'usuario_default.png', 'Danieldelossantos550@gmail.com'),
(344, 'asun', 'losada', NULL, NULL, NULL, NULL, NULL, 'usuario_default.png', 'buscandoeuros@gmail.com'),
(345, 'Ralph', 'Masoud', NULL, NULL, NULL, NULL, NULL, 'usuario_default.png', 'masoudralph@gmail.com'),
(346, 'Jhon armando', 'Jimenez', NULL, NULL, NULL, NULL, NULL, 'usuario_default.png', 'jhonjimenez128@gmail.com'),
(347, 'ettore', ' cardillo', NULL, '8299181707', '16h16MSMjh2bzyKfK51m1QxqAdVYUAKXE9', NULL, NULL, '8097394d6aa1e5b1c0d87c6931740c37.jpg', 'Cardilloofficial@gmail.com'),
(348, 'sdfdsf', 'sdfdsf', NULL, NULL, NULL, NULL, NULL, 'usuario_default.png', 'jimenezleonardopx@gmail.com'),
(349, 'Marvin ', 'ROSALES ', NULL, NULL, NULL, NULL, NULL, 'usuario_default.png', 'rosalesmarvin280@gmail.com'),
(350, 'Douglas', 'Nieves', NULL, NULL, NULL, NULL, NULL, 'usuario_default.png', 'douglasjosenieves@gmail.com'),
(351, 'eduardo', 'paredes', NULL, NULL, NULL, NULL, NULL, 'usuario_default.png', 'eduardosilla90@gmail.com'),
(352, 'ADRIAN', 'MACIAS ESPINOSA ', NULL, NULL, NULL, NULL, NULL, 'usuario_default.png', 'amacias.e77@gmail.com'),
(353, 'Francisco Antonio', 'Trinidad Medina', NULL, NULL, NULL, NULL, NULL, 'usuario_default.png', 'franciscotrini@gmail.com'),
(354, 'Juan', 'Diaz', NULL, NULL, NULL, NULL, NULL, 'usuario_default.png', 'donpolo6114@gmail.com'),
(355, 'Rogelio', 'Hernandez', NULL, NULL, NULL, NULL, NULL, 'usuario_default.png', 'rohersan@ono.com'),
(356, 'Prueba', 'prueba', NULL, NULL, NULL, NULL, NULL, 'usuario_default.png', 'prueba@gmail.com'),
(357, 'jonatan', 'marti', NULL, NULL, NULL, NULL, NULL, 'usuario_default.png', 'admin@globalworkteam.com'),
(358, 'ivan ', 'martinez lopez', NULL, NULL, NULL, NULL, NULL, 'usuario_default.png', 'ivanml5@yahoo.es'),
(359, 'Daniel Horacio', 'Rodriguez', NULL, NULL, NULL, NULL, NULL, '1bb7bee340548732d06d2fb512d236a9.jpg', 'cidcampeador2011@gmail.com'),
(360, 'Eduardo', 'Gutierrez', NULL, NULL, NULL, NULL, NULL, 'usuario_default.png', 'colonmbiano21@gmail.com'),
(361, 'Ofelia Esther', 'Sanchez', NULL, NULL, NULL, NULL, NULL, 'usuario_default.png', 'ofelia.sanchez@gmail.com'),
(362, 'Osmar', 'Pinto barron', NULL, NULL, NULL, NULL, NULL, 'usuario_default.png', 'blockchain2593@gmail.com'),
(363, 'Alberto ', 'Duran pereira ', NULL, NULL, NULL, NULL, NULL, 'usuario_default.png', 'albertoduranpereira42@gmail.com'),
(364, 'Armando', 'Escobar', NULL, NULL, NULL, NULL, NULL, 'usuario_default.png', 'armandoaescobarf1@gmail.com'),
(365, 'Jorge Isaac', 'cabezas hermandez', NULL, NULL, NULL, NULL, NULL, 'usuario_default.png', 'btcman2017@gmail.com'),
(366, 'Juan Carlos ', 'Serrano', NULL, NULL, NULL, NULL, NULL, 'usuario_default.png', 'gerencia@servisaludgt.com'),
(367, 'Dante', 'Flores', NULL, NULL, NULL, NULL, NULL, 'usuario_default.png', 'orishas.15.24@gmail.com'),
(368, 'Diego', 'Esquivel', NULL, NULL, NULL, NULL, NULL, 'usuario_default.png', 'diegoarmandoesquivel@gmail.com'),
(369, 'Joel', 'Ray', NULL, NULL, NULL, NULL, NULL, 'usuario_default.png', 'joelrs39@hotmail.com'),
(370, 'Alejandro', 'Garcia', NULL, NULL, NULL, NULL, NULL, 'usuario_default.png', 'freddy4636@gmail.com'),
(371, 'Hugo', 'Perez', NULL, NULL, NULL, NULL, NULL, 'usuario_default.png', 'imultimax1@gmail.com'),
(372, 'dsfsd', 'sdfdsf', NULL, NULL, NULL, NULL, NULL, 'usuario_default.png', 'gonyvyz@hotmail.com');

--
-- Restricciones para tablas volcadas
--

--
-- Filtros para la tabla `coinbase_address`
--
ALTER TABLE `coinbase_address`
  ADD CONSTRAINT `coinbase_address_ibfk_1` FOREIGN KEY (`id_invoice`) REFERENCES `coinbase_invoice` (`id_invoice`) ON DELETE CASCADE;

--
-- Filtros para la tabla `usuarios_data`
--
ALTER TABLE `usuarios_data`
  ADD CONSTRAINT `usuarios_data_ibfk_1` FOREIGN KEY (`id_persona`) REFERENCES `usuarios_personas` (`id_persona`) ON DELETE CASCADE ON UPDATE CASCADE;

/*!40101 SET CHARACTER_SET_CLIENT=@OLD_CHARACTER_SET_CLIENT */;
/*!40101 SET CHARACTER_SET_RESULTS=@OLD_CHARACTER_SET_RESULTS */;
/*!40101 SET COLLATION_CONNECTION=@OLD_COLLATION_CONNECTION */;
